ym,SP500,CSI300,Gold,BTC
2014-02-01,0.04221338215754876,-0.010718089010600106,0.06389304749889453,-0.49214729886255154
2014-03-01,0.006908240422563322,-0.015106858678836932,-0.02901869388903582,-0.25505526759766617
2014-04-01,0.006181651028472133,0.0057422294109007455,0.009381004563691087,0.00202179109642357
2014-05-01,0.020812198017934665,-0.001019670456727367,-0.03926701409397044,0.3429592295069894
2014-06-01,0.01887897875478642,0.004007798810496331,0.05920732106423313,0.01140154868886548
2014-07-01,-0.015194720363435775,0.08204591830637128,-0.030100552592631814,-0.07450774683150353
2014-08-01,0.03696366960697851,-0.005101812479670694,0.003579491799515764,-0.20174562979665467
2014-09-01,-0.01563545834824645,0.04707213157343952,-0.060682880465433395,-0.2160084194458611
2014-10-01,0.0229363944395255,0.02312118176779191,-0.03357146419950384,-0.13877067701466572
2014-11-01,0.02423746941943873,0.11315125998714722,0.003323253026545822,0.10390933002162209
2014-12-01,-0.004197308450286825,0.22958101432548023,0.0072894033567869115,-0.16397920783817987
2015-01-01,-0.03153282180262603,-0.02850615444348495,0.07725189018283352,-0.3758941013680416
2015-02-01,0.053438871430552516,0.0395214715347095,-0.05305581574287084,0.1509418757904736
2015-03-01,-0.017549145486384792,0.12565233578572937,-0.024956434380283506,-0.04014991292720398
2015-04-01,0.008484665914449642,0.15910832635599959,-0.0006763612026527013,-0.03459398929564371
2015-05-01,0.010436785331839957,0.01896473374586301,0.006238954559867887,-0.025774622688615252
2015-06-01,-0.021235661913586588,-0.07902686917881681,-0.015244197643117081,0.13911845388843128
2015-07-01,0.019549693281665254,-0.1586731495322559,-0.06769534482897485,0.07158952251171895
2015-08-01,-0.06462471645113466,-0.12550066420951883,0.03358189507547579,-0.21201431231420573
2015-09-01,-0.0267987189877159,-0.04981325056904087,-0.015393817350929578,0.027504956913029475
2015-10-01,0.07971934314092276,0.09838075073964765,0.023221818096348223,0.2770278058906072
2015-11-01,0.000504835614613225,0.009106476713951797,-0.06899912948545595,0.1944584033153511
2015-12-01,-0.017685671969978563,0.045116806645525726,-0.00479888006344613,0.1288910130680205
2016-01-01,-0.05206764093935223,-0.2361974267670538,0.051651653108461336,-0.15082288973458366
2016-02-01,-0.004136900440057719,-0.0235674316291825,0.10047579938678391,0.16513853481450408
2016-03-01,0.06390498491988238,0.11187658001810882,0.0009716599954754918,-0.04813700750893696
2016-04-01,0.0026957330678163125,-0.01924499852424046,0.04347305811424194,0.07594483524025916
2016-05-01,0.015208413737977483,0.00404975965692037,-0.05823016420192372,0.16489069657308347
2016-06-01,0.0009104321367895639,-0.004946653390773793,0.08128660280372613,0.2364783343130776
2016-07-01,0.03499043894376667,0.01573205767426219,0.02755859404761965,-0.07449840427516817
2016-08-01,-0.001219919360414707,0.03793023872941272,-0.03454950397857143,-0.08032414299552666
2016-09-01,-0.0012352452011046586,-0.022644701826579693,0.00433708117548164,0.05788417701174722
2016-10-01,-0.019616782104688858,0.025192695648157886,-0.03397747893740111,0.13888212343234088
2016-11-01,0.033603472465471074,0.058705181909541077,-0.08112333218312312,0.06080140511844957
2016-12-01,0.018037103051757427,-0.06658923745640201,-0.019092427209614772,0.2604458235192657
2017-01-01,0.01772629809300964,0.023255612063477878,0.05053760387198504,0.0021774076724488047
2017-02-01,0.036523097609435645,0.018960421933000314,0.03448197864964543,0.2084740758646304
2017-03-01,-0.0003893059401398051,0.0009379261520773388,-0.0021556034054455524,-0.09723753836351175
2017-04-01,0.009050140558437409,-0.004727524103958376,0.013574330282337104,0.22538365000067195
2017-05-01,0.011509718385591177,0.015327816485647338,0.0014182164368899746,0.5328318668385
2017-06-01,0.004802282553352028,0.04859273629404733,-0.02213113729064254,0.07415758917236939
2017-07-01,0.019163961513693484,0.0191965833669942,0.029426717796406158,0.15043500511611932
2017-08-01,0.0005463430563159147,0.022281462949047495,0.03908843086268061,0.49606737422400216
2017-09-01,0.01911895720324887,0.0037630992140577245,-0.034876584686220805,-0.08239318316740268
2017-10-01,0.02194559887830511,0.043412458862862886,-0.005854589143766077,0.3916564974429922
2017-11-01,0.027695515330648682,-0.00015475201021289487,0.003906865416338889,0.43298473138854077
2017-12-01,0.009783603904362663,0.006159072344404529,0.02083730276863758,0.33106322167938557
2018-01-01,0.05465741778702495,0.05901733471432062,0.029055182510516465,-0.2995350960062085
2018-02-01,-0.0397261156359207,-0.060807640972268415,-0.03219154002505848,0.006650735946606026
2018-03-01,-0.02725251295379243,-0.03159510180717191,0.016790517912991035,-0.39838737813982655
2018-04-01,0.002715111747128934,-0.037003038063751555,-0.015565402905241455,0.2870513065549411
2018-05-01,0.021378202402637565,0.0120383607641705,-0.005755742838224431,-0.20884405430431519
2018-06-01,0.004830713496801861,-0.07973198568066273,-0.035088571082213714,-0.15912352654050055
2018-07-01,0.03538797997679926,0.001900795036094783,-0.021676043060896,0.18890513932969488
2018-08-01,0.029814321663194848,-0.05347325273314471,-0.017171682666025912,-0.09430413959941983
2018-09-01,0.004285106720321905,0.030817278022672662,-0.008739495469098425,-0.058338289813720835
2018-10-01,-0.0719293490556602,-0.08652560458743674,0.034831843893503835,-0.04143319022460452
2018-11-01,0.017701776759294796,0.005965391964541729,-0.01022487200780381,-0.45478518849527827
2018-12-01,-0.09626528711807607,-0.0524238061985268,0.045444248119479815,-0.0853002933170474
2019-01-01,0.07574215482837561,0.061504052826798696,0.030020295900414506,-0.07621295201611862
2019-02-01,0.029295592986693514,0.13635993008723593,-0.017472691108637414,0.10470278747374553
2019-03-01,0.017765541837019908,0.05383899027111173,-0.0005389383046103813,0.07218781810134484
2019-04-01,0.03856033644309039,0.010499033574588174,-0.011073795742855086,0.260075875956053
2019-05-01,-0.0680408888532043,-0.07518321368756647,0.020730523145407964,0.4752779043115149
2019-06-01,0.06665831953424144,0.052537908385813695,0.07534390136763074,0.23436530272865122
2019-07-01,0.013042767473010496,0.0025505988935067207,0.01314097825129079,-0.07051521936780158
2019-08-01,-0.018257307714875135,-0.009370136468520838,0.06552414248584704,-0.04957206072506495
2019-09-01,0.01703524052367768,0.003924293069478704,-0.026770747926115817,-0.14681743766857772
2019-10-01,0.020225819582931022,0.0187558736037921,0.014931619902610483,0.09967583466227886
2019-11-01,0.033480291579323126,-0.015055848448988112,-0.025938922854503044,-0.19294086122348356
2019-12-01,0.02818874101228944,0.06763499487642684,0.03365028088934167,-0.04751622972526446
2020-01-01,-0.0016294165896177356,-0.022883593159033745,0.03977358221692156,0.2616991810028045
2020-02-01,-0.08785952093620485,-0.016075472531467443,-0.011549817438938481,-0.09008591274129651
2020-03-01,-0.13366776859296695,-0.06660814779130511,0.01432217130333246,-0.2869449587449473
2020-04-01,0.11942089623740584,0.05961173714822828,0.06391698529467671,0.2968794130292825
2020-05-01,0.0442864902305306,-0.011712818361854477,0.02833973953018545,0.09139392553133513
2020-06-01,0.018221381004063585,0.07398235997892913,0.032514011561293917,-0.034365572556191305
2020-07-01,0.053636778409248576,0.12004221767213409,0.08895339452326873,0.21559714178237765
2020-08-01,0.06771910208965368,0.02548062579551236,0.0012695190228595996,0.027054083680275613
2020-09-01,-0.04001810324358949,-0.04867597324831673,-0.04102289434064969,-0.07747748301774482
2020-10-01,-0.02805568033968923,0.023254982952130687,-0.0060458393744929045,0.24714220190063982
2020-11-01,0.10214644831840361,0.05488774496233383,-0.05572944684606593,0.3560492635452906
2020-12-01,0.03644899728321611,0.04937128319257595,0.06378247049891454,0.3850272940234764
2021-01-01,-0.011199116821942242,0.026635423071424875,-0.024626655185639477,0.1342284870209843
2021-02-01,0.02575689966712559,-0.0028441216995301224,-0.0672174261944486,0.310522343881662
2021-03-01,0.04156280869744297,-0.05555528918839697,-0.008364361033308907,0.26322400801044504
2021-04-01,0.05109732211429392,0.014772409396446294,0.030616101382470118,-0.01791538593136001
2021-05-01,0.00547150655202215,0.0398099064382132,0.07480274201896397,-0.4366531389640551
2021-06-01,0.02197084004586202,-0.02037470499051977,-0.07259891551175825,-0.06283945471509582
2021-07-01,0.02249322924674322,-0.0823307511305844,0.02337558667391396,0.1708702289567371
2021-08-01,0.02857805096868915,-0.001156312324812278,0.0012674622146997027,0.12593166138784248
2021-09-01,-0.04873776298462272,0.012566348744417241,-0.03331681850996692,-0.07275258865247691
2021-10-01,0.06685820979817365,0.008673067057120992,0.015592655329531989,0.3357707981218301
2021-11-01,-0.0083686511009886,-0.015756732036285775,-0.004945219406463926,-0.07494166880799147
2021-12-01,0.042688611280446646,0.02217355795797022,0.02969388737956808,-0.20759298176420987
2022-01-01,-0.05401814986501885,-0.07929119084137813,-0.017988676868181216,-0.18277990996373955
2022-02-01,-0.0318627908789231,0.003910158916947358,0.056660269494647,0.11494543279396464
2022-03-01,0.035148238386268404,-0.08160814318420573,0.026171076719061052,0.052694315823505276
2022-04-01,-0.09206783296043518,-0.05010491051185718,-0.031128892781444276,-0.18992867136776911
2022-05-01,5.3242466203463356e-05,0.018570397596181735,-0.024676750610743203,-0.1690742331704771
2022-06-01,-0.0876515744801734,0.09182418600650706,-0.02075365384207252,-0.4672031984938752
2022-07-01,0.08720134427422459,-0.07280070882415461,-0.029707100737914428,0.15654375009119753
2022-08-01,-0.04336702120583717,-0.022127382072752232,-0.021606579020512173,-0.15067440461186152
2022-09-01,-0.09804919930362435,-0.06952555269983335,-0.03153641021440978,-0.03146693721089041
2022-10-01,0.07683460219574133,-0.08104148306257866,-0.01386094884791979,0.05378645119960459
2022-11-01,0.052357944725214406,0.09361684860766716,0.06631970952381736,-0.17743604108504532
2022-12-01,-0.060781799048487496,0.00481315988612277,0.040685092610259536,-0.037183858404953155
2023-01-01,0.05992115787903165,0.07108437457296143,0.05880607602251694,0.3352941251538612
2023-02-01,-0.02645943030685264,-0.021249669050806635,-0.05296337504294134,0.00023348524392871486
2023-03-01,0.03445125384186044,-0.0045638281320740486,0.07941010251325593,0.207828761251146
2023-04-01,0.014536196592679839,-0.005405940378365881,0.005266469852654658,0.026970511763993947
2023-05-01,0.002479248057984054,-0.05892376163061437,-0.013041145524985085,-0.0721426560165464
2023-06-01,0.06271890993761445,0.01149340160595943,-0.028375072534624058,0.1130290540952641
2023-07-01,0.030663933087959953,0.043835004747115214,0.031663966636940086,-0.04156008087484538
2023-08-01,-0.01787524701848843,-0.06412561690332151,-0.0166050777055313,-0.11959559605858937
2023-09-01,-0.04994608771197091,-0.020323203537685776,-0.04061871095503129,0.03877234227973102
2023-10-01,-0.02222483997777142,-0.03222793831209688,0.06462209614200753,0.25086061210576194
2023-11-01,0.08542444438757674,-0.021591765583273373,0.02637526402425214,0.0846871694884333
2023-12-01,0.04327897629406807,-0.01879284040883961,0.01738079627907996,0.11413454543870603
2024-01-01,0.01577073041880103,-0.0649476075251211,-0.012606122165578446,0.007259645568103122
2024-02-01,0.05042750432692709,0.08941051623165154,-0.0013131978249605835,0.3622490276723814
2024-03-01,0.030547405358412088,0.006067876550489123,0.06896366971732222,0.15369960491933532
2024-04-01,-0.04250574745999363,0.01873793774490961,0.045075676664679105,-0.16195173508328384
2024-05-01,0.046903838078814306,-0.006812093193826037,0.022244132546907058,0.10718012490200916
2024-06-01,0.03408230240557078,-0.033592210990696585,-0.007716449517829616,-0.07334632284847631
2024-07-01,0.011257742193535576,-0.005672302983276105,0.042686214867059376,0.029389705036172522
2024-08-01,0.022577879038739614,-0.035680526734751,0.039480927555645286,-0.09144214035123427
2024-09-01,0.01999561838794891,0.19035152060442645,0.042902849287601984,0.07132974453582999
2024-10-01,-0.009946079220551969,-0.03207045960669477,0.037579460810524115,0.10400846404799578
2024-11-01,0.055719767688528744,0.006542349934445558,-0.035919145724010226,0.316052453669897
2024-12-01,-0.025307691689834075,0.0046691859255935985,-0.012978324242493183,-0.029992314550396835
2025-01-01,0.026657822062382253,-0.030402277531577357,0.08318450002198477,0.09054999886053507
2025-02-01,-0.014344520215520212,0.018936278606507075,0.01766257966331901,-0.1937783848347714
2025-03-01,-0.05926680278196916,-0.0007046093053072034,0.08420174285737826,-0.021954994358522474
2025-04-01,-0.007654154967354604,-0.03049121804761356,0.05219597544312658,0.13186492915671685
2025-05-01,0.059705468070558924,0.018306076974018797,0.007444128628045379,0.1048698682163953
2025-06-01,0.048415614059228305,0.024653043547419817,-0.010884706658375667,0.024302191749533873
2025-07-01,0.021435188702803743,0.053409658620965306,0.012289264229589009,0.07713565146449472
