year,month,EPU,date
1949,10,87.2373217864418,1949-10-01
1949,11,40.5456269269636,1949-11-01
1949,12,40.0747425066627,1949-12-01
1950,1,39.4241002651234,1950-01-01
1950,2,200.476593624438,1950-02-01
1950,3,87.4157852094806,1950-03-01
1950,4,173.327102234217,1950-04-01
1950,5,90.3371243623844,1950-05-01
1950,6,668.868176104951,1950-06-01
1950,7,266.844369345541,1950-07-01
1950,8,225.817263171872,1950-08-01
1950,9,186.468369570251,1950-09-01
1950,10,251.652721215202,1950-10-01
1950,11,186.787118919943,1950-11-01
1950,12,152.465881650588,1950-12-01
1951,1,108.007727113552,1951-01-01
1951,2,327.685314614383,1951-02-01
1951,3,213.623898505672,1951-03-01
1951,4,423.839556625181,1951-04-01
1951,5,97.6355602991813,1951-05-01
1951,6,249.765061780406,1951-06-01
1951,7,324.507669933317,1951-07-01
1951,8,111.468008310516,1951-08-01
1951,9,399.289639259679,1951-09-01
1951,10,525.061726504422,1951-10-01
1951,11,611.993559928603,1951-11-01
1951,12,436.672353883866,1951-12-01
1952,1,509.663382677666,1952-01-01
1952,2,358.078359902062,1952-02-01
1952,3,359.516928272694,1952-03-01
1952,4,232.490350145036,1952-04-01
1952,5,55.0480929814444,1952-05-01
1952,6,116.971059305798,1952-06-01
1952,7,104.89964598544,1952-07-01
1952,8,51.5426719661165,1952-08-01
1952,9,293.737807978943,1952-09-01
1952,10,146.018438175724,1952-10-01
1952,11,133.25666410752,1952-11-01
1952,12,312.20132733762,1952-12-01
1953,1,612.737178156923,1953-01-01
1953,2,789.137530815803,1953-02-01
1953,3,262.138843524014,1953-03-01
1953,4,550.400762907658,1953-04-01
1953,5,454.828179581361,1953-05-01
1953,6,552.719997710675,1953-06-01
1953,7,466.469879995292,1953-07-01
1953,8,118.343463431227,1953-08-01
1953,9,200.583664737966,1953-09-01
1953,10,573.214632187274,1953-10-01
1953,11,264.707276351504,1953-11-01
1953,12,319.88588936059,1953-12-01
1954,1,66.0248979237518,1954-01-01
1954,2,210.847541032095,1954-02-01
1954,3,434.728776233145,1954-03-01
1954,4,234.432710577785,1954-04-01
1954,5,160.429719594372,1954-05-01
1954,6,174.600588317324,1954-06-01
1954,7,154.012431507308,1954-07-01
1954,8,49.9331902063216,1954-08-01
1954,9,524.675454400328,1954-09-01
1954,10,111.216757830195,1954-10-01
1954,11,204.581446831737,1954-11-01
1954,12,268.917045516098,1954-12-01
1955,1,150.833463360966,1955-01-01
1955,2,73.4534994360265,1955-02-01
1955,3,0.0,1955-03-01
1955,4,102.201525706781,1955-04-01
1955,5,147.31366262292,1955-05-01
1955,6,263.654874602095,1955-06-01
1955,7,677.324191664716,1955-07-01
1955,8,210.672427149683,1955-08-01
1955,9,114.248519910523,1955-09-01
1955,10,112.814847348773,1955-10-01
1955,11,220.983215826569,1955-11-01
1955,12,0.0,1955-12-01
1956,1,172.213901908114,1956-01-01
1956,2,250.897640073456,1956-02-01
1956,3,105.05898768345,1956-03-01
1956,4,130.233117658716,1956-04-01
1956,5,42.9072504848823,1956-05-01
1956,6,265.246090934946,1956-06-01
1956,7,43.0198679402232,1956-07-01
1956,8,83.5328327036156,1956-08-01
1956,9,268.908563516449,1956-09-01
1956,10,0.0,1956-10-01
1956,11,68.2872478976946,1956-11-01
1956,12,289.463019596112,1956-12-01
1957,1,325.970146367128,1957-01-01
1957,2,0.0,1957-02-01
1957,3,118.93383898576,1957-03-01
1957,4,32.4244701982691,1957-04-01
1957,5,583.335131513184,1957-05-01
1957,6,219.539473560577,1957-06-01
1957,7,141.756278358703,1957-07-01
1957,8,0.0,1957-08-01
1957,9,273.523627589274,1957-09-01
1957,10,0.0,1957-10-01
1957,11,0.0,1957-11-01
1957,12,140.45391438475,1957-12-01
1958,1,0.0,1958-01-01
1958,2,132.315396046216,1958-02-01
1958,3,99.8703555570262,1958-03-01
1958,4,94.8116829224877,1958-04-01
1958,5,112.642254348491,1958-05-01
1958,6,56.0121988388725,1958-06-01
1958,7,24.3183526487018,1958-07-01
1958,8,52.9796191845658,1958-08-01
1958,9,0.0,1958-09-01
1958,10,0.0,1958-10-01
1958,11,32.2331753888398,1958-11-01
1958,12,0.0,1958-12-01
1959,1,69.6052922045435,1959-01-01
1959,2,171.516752755788,1959-02-01
1959,3,101.918090045784,1959-03-01
1959,4,73.6678578974157,1959-04-01
1959,5,28.5549994516116,1959-05-01
1959,6,0.0,1959-06-01
1959,7,30.2828077325174,1959-07-01
1959,8,0.0,1959-08-01
1959,10,35.210676015521,1959-10-01
1959,11,32.6018293092492,1959-11-01
1959,12,116.735173810913,1959-12-01
1960,1,0.0,1960-01-01
1960,2,0.0,1960-02-01
1960,4,272.388056291369,1960-04-01
1960,5,0.0,1960-05-01
1960,6,105.591558200428,1960-06-01
1960,7,180.095749691695,1960-07-01
1960,8,0.0,1960-08-01
1960,9,33.5528550362846,1960-09-01
1960,10,31.966006212043,1960-10-01
1960,11,182.9617757545,1960-11-01
1960,12,0.0,1960-12-01
1961,1,0.0,1961-01-01
1961,2,186.989031897638,1961-02-01
1961,3,32.1068945841823,1961-03-01
1961,4,0.0,1961-04-01
1961,5,173.355779863179,1961-05-01
1961,6,124.302649729085,1961-06-01
1961,7,34.7995110089704,1961-07-01
1961,8,76.8838151457293,1961-08-01
1961,9,195.562105393716,1961-09-01
1961,10,0.0,1961-10-01
1961,11,75.4288425483499,1961-11-01
1961,12,75.6549030155278,1961-12-01
1962,1,161.300442850997,1962-01-01
1962,2,0.0,1962-02-01
1962,3,37.0617743023743,1962-03-01
1962,4,77.2760795087177,1962-04-01
1962,5,0.0,1962-05-01
1962,6,74.8325671131851,1962-06-01
1962,7,0.0,1962-07-01
1962,8,223.393976160894,1962-08-01
1962,9,46.4651160459959,1962-09-01
1962,10,0.0,1962-10-01
1962,11,0.0,1962-11-01
1962,12,71.7145434834691,1962-12-01
1963,1,48.3141331915256,1963-01-01
1963,2,50.0857744391904,1963-02-01
1963,3,123.051357175574,1963-03-01
1963,4,79.8845547663959,1963-04-01
1963,5,0.0,1963-05-01
1963,6,82.5851231390876,1963-06-01
1963,7,84.2386628682351,1963-07-01
1963,8,178.106308918668,1963-08-01
1963,9,0.0,1963-09-01
1963,10,217.664667513226,1963-10-01
1963,11,50.9815542308711,1963-11-01
1963,12,49.9331902063216,1963-12-01
1964,1,85.6680519440536,1964-01-01
1964,2,220.467417521232,1964-02-01
1964,3,49.5932516950834,1964-03-01
1964,4,0.0,1964-04-01
1964,5,94.6631973981792,1964-05-01
1964,6,178.450843225949,1964-06-01
1964,7,46.3665337630129,1964-07-01
1964,8,48.5287037312363,1964-08-01
1964,9,94.0752272280042,1964-09-01
1964,10,125.236491286164,1964-10-01
1964,11,191.965926282746,1964-11-01
1964,12,43.1330781190133,1964-12-01
1965,1,203.655534597481,1965-01-01
1965,2,0.0,1965-02-01
1965,3,262.414373859757,1965-03-01
1965,4,72.8874694173432,1965-04-01
1965,5,73.7068900965714,1965-05-01
1965,6,0.0,1965-06-01
1965,7,70.1200842148666,1965-07-01
1965,8,162.015109474105,1965-08-01
1965,9,0.0,1965-09-01
1965,10,33.6562005856777,1965-10-01
1965,11,93.7259380179992,1965-11-01
1965,12,0.0,1965-12-01
1966,1,405.479701163257,1966-01-01
1966,2,167.628890235311,1966-02-01
1966,3,159.648406024919,1966-03-01
1966,4,393.668551011403,1966-04-01
1966,5,149.075901414455,1966-05-01
1966,6,0.0,1966-06-01
1966,7,227.836514575498,1966-07-01
1966,8,0.0,1966-08-01
1966,9,0.0,1966-09-01
1966,10,0.0,1966-10-01
1966,11,0.0,1966-11-01
1966,12,196.270128817784,1966-12-01
1967,1,0.0,1967-01-01
1967,2,0.0,1967-02-01
1967,3,0.0,1967-03-01
1967,4,0.0,1967-04-01
1967,5,0.0,1967-05-01
1967,6,0.0,1967-06-01
1967,7,334.425614648901,1967-07-01
1967,8,136.304113806445,1967-08-01
1967,9,0.0,1967-09-01
1967,10,0.0,1967-10-01
1967,11,0.0,1967-11-01
1967,12,133.392225312106,1967-12-01
1968,1,0.0,1968-01-01
1968,2,0.0,1968-02-01
1968,3,0.0,1968-03-01
1968,4,0.0,1968-04-01
1968,5,0.0,1968-05-01
1968,6,0.0,1968-06-01
1968,7,0.0,1968-07-01
1968,8,0.0,1968-08-01
1968,9,0.0,1968-09-01
1968,10,81.7484772330427,1968-10-01
1968,11,81.0411356500621,1968-11-01
1968,12,0.0,1968-12-01
1969,1,0.0,1969-01-01
1969,2,0.0,1969-02-01
1969,3,0.0,1969-03-01
1969,4,0.0,1969-04-01
1969,5,0.0,1969-05-01
1969,6,0.0,1969-06-01
1969,7,0.0,1969-07-01
1969,8,0.0,1969-08-01
1969,9,0.0,1969-09-01
1969,10,0.0,1969-10-01
1969,11,0.0,1969-11-01
1969,12,0.0,1969-12-01
1970,1,0.0,1970-01-01
1970,2,275.542112700356,1970-02-01
1970,3,0.0,1970-03-01
1970,4,0.0,1970-04-01
1970,5,0.0,1970-05-01
1970,6,0.0,1970-06-01
1970,7,0.0,1970-07-01
1970,8,0.0,1970-08-01
1970,9,186.200158798629,1970-09-01
1970,10,0.0,1970-10-01
1970,11,0.0,1970-11-01
1970,12,0.0,1970-12-01
1971,1,0.0,1971-01-01
1971,2,0.0,1971-02-01
1971,3,0.0,1971-03-01
1971,4,0.0,1971-04-01
1971,5,0.0,1971-05-01
1971,6,0.0,1971-06-01
1971,7,0.0,1971-07-01
1971,8,119.826832149593,1971-08-01
1971,9,0.0,1971-09-01
1971,10,0.0,1971-10-01
1971,11,0.0,1971-11-01
1971,12,0.0,1971-12-01
1972,1,174.212972823744,1972-01-01
1972,2,192.059834624184,1972-02-01
1972,3,0.0,1972-03-01
1972,4,0.0,1972-04-01
1972,5,122.939217400232,1972-05-01
1972,6,60.5376535003695,1972-06-01
1972,7,0.0,1972-07-01
1972,8,199.23745311059,1972-08-01
1972,9,0.0,1972-09-01
1972,10,123.957765963789,1972-10-01
1972,11,0.0,1972-11-01
1972,12,0.0,1972-12-01
1973,1,0.0,1973-01-01
1973,2,55.3268175028694,1973-02-01
1973,3,0.0,1973-03-01
1973,4,0.0,1973-04-01
1973,5,0.0,1973-05-01
1973,6,0.0,1973-06-01
1973,7,0.0,1973-07-01
1973,8,0.0,1973-08-01
1973,9,0.0,1973-09-01
1973,10,0.0,1973-10-01
1973,11,0.0,1973-11-01
1973,12,0.0,1973-12-01
1974,1,0.0,1974-01-01
1974,2,0.0,1974-02-01
1974,3,0.0,1974-03-01
1974,4,51.5832248158145,1974-04-01
1974,5,0.0,1974-05-01
1974,6,0.0,1974-06-01
1974,7,0.0,1974-07-01
1974,8,0.0,1974-08-01
1974,9,0.0,1974-09-01
1974,10,0.0,1974-10-01
1974,11,0.0,1974-11-01
1974,12,51.7460763543017,1974-12-01
1975,1,0.0,1975-01-01
1975,2,313.836691187277,1975-02-01
1975,3,0.0,1975-03-01
1975,4,52.9154792097661,1975-04-01
1975,5,0.0,1975-05-01
1975,6,0.0,1975-06-01
1975,7,0.0,1975-07-01
1975,8,0.0,1975-08-01
1975,9,0.0,1975-09-01
1975,10,0.0,1975-10-01
1975,11,0.0,1975-11-01
1975,12,54.2285183961127,1975-12-01
1976,1,0.0,1976-01-01
1976,2,0.0,1976-02-01
1976,3,0.0,1976-03-01
1976,4,0.0,1976-04-01
1976,5,0.0,1976-05-01
1976,6,0.0,1976-06-01
1976,7,0.0,1976-07-01
1976,8,0.0,1976-08-01
1976,9,63.7145565995143,1976-09-01
1976,10,0.0,1976-10-01
1976,11,0.0,1976-11-01
1976,12,0.0,1976-12-01
1977,1,0.0,1977-01-01
1977,2,0.0,1977-02-01
1977,3,0.0,1977-03-01
1977,4,0.0,1977-04-01
1977,5,0.0,1977-05-01
1977,6,0.0,1977-06-01
1977,7,0.0,1977-07-01
1977,8,0.0,1977-08-01
1977,9,0.0,1977-09-01
1977,10,0.0,1977-10-01
1977,11,160.359479267796,1977-11-01
1977,12,0.0,1977-12-01
1978,1,198.290756854392,1978-01-01
1978,2,122.343389206047,1978-02-01
1978,3,0.0,1978-03-01
1978,4,0.0,1978-04-01
1978,5,96.3442744171936,1978-05-01
1978,6,0.0,1978-06-01
1978,7,91.7596623385588,1978-07-01
1978,8,142.887845129327,1978-08-01
1978,9,0.0,1978-09-01
1978,10,0.0,1978-10-01
1978,11,80.0027806478343,1978-11-01
1978,12,0.0,1978-12-01
