Date,year,month,EPU,MA_12m,decade
1949-10-01,1949,10,87.2373217864418,,1940
1949-11-01,1949,11,40.5456269269636,,1940
1949-12-01,1949,12,40.0747425066627,,1940
1950-01-01,1950,1,39.4241002651234,,1950
1950-02-01,1950,2,200.476593624438,,1950
1950-03-01,1950,3,87.4157852094806,,1950
1950-04-01,1950,4,173.327102234217,175.56971459236055,1950
1950-05-01,1950,5,90.3371243623844,189.27099787809058,1950
1950-06-01,1950,6,668.868176104951,201.45778887750552,1950
1950-07-01,1950,7,266.844369345541,210.82371713949928,1950
1950-08-01,1950,8,225.817263171872,216.53901937686837,1950
1950-09-01,1950,9,186.468369570251,227.13974612603042,1950
1950-10-01,1950,10,251.652721215202,237.657088900713,1950
1950-11-01,1950,11,186.787118919943,258.5331267666267,1950
1950-12-01,1950,12,152.465881650588,259.14132976135977,1950
1951-01-01,1951,1,108.007727113552,224.21607023431434,1950
1951-02-01,1951,2,327.685314614383,229.0213452832957,1950
1951-03-01,1951,3,213.623898505672,219.49224071151602,1950
1951-04-01,1951,4,423.839556625181,237.22734651896837,1950
1951-05-01,1951,5,97.6355602991813,260.01143029307,1950
1951-06-01,1951,6,249.765061780406,295.445300377125,1950
1951-07-01,1951,7,324.507669933317,319.1291730632315,1950
1951-08-01,1951,8,111.468008310516,352.6004776935743,1950
1951-09-01,1951,9,399.289639259679,355.1332314675476,1950
1951-10-01,1951,10,525.061726504422,367.2909839481328,1950
1951-11-01,1951,11,611.993559928603,351.34521674145407,1950
1951-12-01,1951,12,436.672353883866,347.79626113164255,1950
1952-01-01,1952,1,509.663382677666,336.7300942587586,1950
1952-02-01,1952,2,358.078359902062,318.4294255964355,1950
1952-03-01,1952,3,359.516928272694,313.43564756773554,1950
1952-04-01,1952,4,232.490350145036,304.63966162767423,1950
1952-05-01,1952,5,55.0480929814444,273.05272093361606,1950
1952-06-01,1952,6,116.971059305798,233.15797961519252,1950
1952-07-01,1952,7,104.89964598544,222.78539406967198,1950
1952-08-01,1952,8,51.5426719661165,231.37487702627675,1950
1952-09-01,1952,9,293.737807978943,267.2964746024218,1950
1952-10-01,1952,10,146.018438175724,259.1816342066985,1950
1952-11-01,1952,11,133.25666410752,285.67416860358367,1950
1952-12-01,1952,12,312.20132733762,318.98917582024336,1950
1953-01-01,1953,1,612.737178156923,355.30158735398317,1950
1953-02-01,1953,2,789.137530815803,385.4324401881375,1950
1953-03-01,1953,3,262.138843524014,390.99917281023,1950
1953-04-01,1953,4,550.400762907658,383.2363275401486,1950
1953-05-01,1953,5,454.828179581361,418.8360103744444,1950
1953-06-01,1953,6,552.719997710675,429.79022806144303,1950
1953-07-01,1953,7,466.469879995292,430.4306082300239,1950
1953-08-01,1953,8,118.343463431227,384.8712515439263,1950
1953-09-01,1953,9,200.583664737966,336.68041906195066,1950
1953-10-01,1953,10,573.214632187274,351.06291345437825,1950
1953-11-01,1953,11,264.707276351504,324.73224242688883,1950
1953-12-01,1953,12,319.88588936059,300.19903742797305,1950
1954-01-01,1954,1,66.0248979237518,268.68908664519387,1950
1954-02-01,1954,2,210.847541032095,242.6509659378618,1950
1954-03-01,1954,3,434.728776233145,236.95010983578638,1950
1954-04-01,1954,4,234.432710577785,263.9577589743165,1950
1954-05-01,1954,5,160.429719594372,225.4579361112266,1950
1954-06-01,1954,6,174.600588317324,220.4474503179127,1950
1954-07-01,1954,7,154.012431507308,216.20004666420505,1950
1954-08-01,1954,8,49.9331902063216,223.26742711730626,1950
1954-09-01,1954,9,524.675454400328,211.81792365096717,1950
1954-10-01,1954,10,111.216757830195,175.59052563153844,1950
1954-11-01,1954,11,204.581446831737,164.57126022562142,1950
1954-12-01,1954,12,268.917045516098,163.47825547800042,1950
1955-01-01,1955,1,150.833463360966,170.89944600173135,1950
1955-02-01,1955,2,73.4534994360265,214.508759348182,1950
1955-03-01,1955,3,0.0,227.90369576012878,1950
1955-04-01,1955,4,102.201525706781,193.7014512193117,1950
1955-05-01,1955,5,147.31366262292,193.83462534585985,1950
1955-06-01,1955,6,263.654874602095,195.20143942876254,1950
1955-07-01,1955,7,677.324191664716,172.79168563575436,1950
1955-08-01,1955,8,210.672427149683,174.57338884801672,1950
1955-09-01,1955,9,114.248519910523,189.3604005678025,1950
1955-10-01,1955,10,112.814847348773,198.11531620809,1950
1955-11-01,1955,11,220.983215826569,200.45128220408458,1950
1955-12-01,1955,12,0.0,191.7507478592481,1950
1956-01-01,1956,1,172.213901908114,191.88334922031902,1950
1956-02-01,1956,2,250.897640073456,139.02465557661128,1950
1956-03-01,1956,3,105.05898768345,128.42968937277234,1950
1956-04-01,1956,4,130.233117658716,141.31802633993286,1950
1956-05-01,1956,5,42.9072504848823,131.9167890608684,1950
1956-06-01,1956,6,265.246090934946,119.19212506679555,1950
1956-07-01,1956,7,43.0198679402232,143.31404336647157,1950
1956-08-01,1956,8,83.5328327036156,156.12706373805608,1950
1956-09-01,1956,9,268.908563516449,135.21892706526808,1950
1956-10-01,1956,10,0.0,136.37516467379388,1950
1956-11-01,1956,11,68.2872478976946,128.22444405208998,1950
1956-12-01,1956,12,289.463019596112,173.26010080444848,1950
1957-01-01,1957,1,325.970146367128,169.45121602325105,1950
1957-02-01,1957,2,0.0,177.67925022479105,1950
1957-03-01,1957,3,118.93383898576,170.71818083282304,1950
1957-04-01,1957,4,32.4244701982691,171.10276950555848,1950
1957-05-01,1957,5,583.335131513184,171.10276950555848,1950
1957-06-01,1957,6,219.539473560577,165.4121655140839,1950
1957-07-01,1957,7,141.756278358703,152.99474007980376,1950
1957-08-01,1957,8,0.0,125.83056121587644,1950
1957-09-01,1957,9,273.523627589274,136.85684421972778,1950
1957-10-01,1957,10,0.0,135.2682206006666,1950
1957-11-01,1957,11,0.0,140.4671549943515,1950
1957-12-01,1957,12,140.45391438475,101.2427485639604,1950
1958-01-01,1958,1,0.0,87.61547567048503,1950
1958-02-01,1958,2,132.315396046216,77.82898186131827,1950
1958-03-01,1958,3,99.8703555570262,82.24395012669875,1950
1958-04-01,1958,4,94.8116829224877,59.45031449425925,1950
1958-05-01,1958,5,112.642254348491,59.45031449425925,1950
1958-06-01,1958,6,56.0121988388725,62.13641244332923,1950
1958-07-01,1958,7,24.3183526487018,50.4319195779334,1950
1958-08-01,1958,8,52.9796191845658,56.232360594978694,1950
1958-09-01,1958,9,0.0,59.499140320776355,1950
1958-10-01,1958,10,0.0,59.66978486150617,1950
1958-11-01,1958,11,32.2331753888398,57.90779944275018,1950
1958-12-01,1958,12,0.0,50.900528201343555,1950
1959-01-01,1959,1,69.6052922045435,46.232844964770855,1950
1959-02-01,1959,2,171.516752755788,46.729882888422146,1950
1959-03-01,1959,3,101.918090045784,42.314914623041666,1950
1959-04-01,1959,4,73.6678578974157,,1950
1959-05-01,1959,5,28.5549994516116,,1950
1959-06-01,1959,6,0.0,,1950
1959-07-01,1959,7,30.2828077325174,,1950
1959-08-01,1959,8,0.0,,1950
1959-09-01,1959,9,,,1950
1959-10-01,1959,10,35.210676015521,,1950
1959-11-01,1959,11,32.6018293092492,,1950
1959-12-01,1959,12,116.735173810913,,1950
1960-01-01,1960,1,0.0,,1960
1960-02-01,1960,2,0.0,,1960
1960-03-01,1960,3,,,1960
1960-04-01,1960,4,272.388056291369,,1960
1960-05-01,1960,5,0.0,,1960
1960-06-01,1960,6,105.591558200428,,1960
1960-07-01,1960,7,180.095749691695,,1960
1960-08-01,1960,8,0.0,,1960
1960-09-01,1960,9,33.5528550362846,,1960
1960-10-01,1960,10,31.966006212043,85.470993972345,1960
1960-11-01,1960,11,182.9617757545,62.77198928139757,1960
1960-12-01,1960,12,0.0,77.21830426999583,1960
1961-01-01,1961,1,0.0,78.7775618973839,1960
1961-02-01,1961,2,186.989031897638,66.66954200715686,1960
1961-03-01,1961,3,32.1068945841823,73.0765266026343,1960
1961-04-01,1961,4,0.0,86.57729746575359,1960
1961-05-01,1961,5,173.355779863179,83.91346361475,1960
1961-06-01,1961,6,124.302649729085,74.95238584757082,1960
1961-07-01,1961,7,34.7995110089704,81.2569610988648,1960
1961-08-01,1961,8,76.8838151457293,94.69866466978124,1960
1961-09-01,1961,9,195.562105393716,79.11624534497805,1960
1961-10-01,1961,10,0.0,79.52915198816072,1960
1961-11-01,1961,11,75.4288425483499,85.96882528055386,1960
1961-12-01,1961,12,75.6549030155278,71.52251029195561,1960
1962-01-01,1962,1,161.300442850997,67.40000340729729,1960
1962-02-01,1962,2,0.0,64.50004415654975,1960
1962-03-01,1962,3,37.0617743023743,76.70922424114681,1960
1962-04-01,1962,4,77.2760795087177,64.2844751288368,1960
1962-05-01,1962,5,0.0,64.2844751288368,1960
1962-06-01,1962,6,74.8325671131851,57.99873824980765,1960
1962-07-01,1962,7,0.0,57.67037495546942,1960
1962-08-01,1962,8,223.393976160894,48.25484915051347,1960
1962-09-01,1962,9,46.4651160459959,52.428663687112675,1960
1962-10-01,1962,10,0.0,59.59446225987932,1960
1962-11-01,1962,11,0.0,59.81183519801916,1960
1962-12-01,1962,12,71.7145434834691,59.81183519801916,1960
1963-01-01,1963,1,48.3141331915256,60.457881533511035,1960
1963-02-01,1963,2,50.0857744391904,67.47777010586397,1960
1963-03-01,1963,3,123.051357175574,63.703797835678465,1960
1963-04-01,1963,4,79.8845547663959,59.83170483184548,1960
1963-05-01,1963,5,0.0,77.97042712461432,1960
1963-06-01,1963,6,82.5851231390876,82.2188899771869,1960
1963-07-01,1963,7,84.2386628682351,80.40377720409127,1960
1963-08-01,1963,8,178.106308918668,83.51660376680194,1960
1963-09-01,1963,9,0.0,97.71507402363875,1960
1963-10-01,1963,10,217.664667513226,91.59356523359787,1960
1963-11-01,1963,11,50.9815542308711,84.93651900306487,1960
1963-12-01,1963,12,49.9331902063216,92.82511878624645,1960
1964-01-01,1964,1,85.6680519440536,100.81392879348492,1960
1964-02-01,1964,2,220.467417521232,97.65791803471639,1960
1964-03-01,1964,3,49.5932516950834,86.85978426909709,1960
1964-04-01,1964,4,0.0,94.69938653809744,1960
1964-05-01,1964,5,94.6631973981792,86.9970385191756,1960
1964-06-01,1964,6,178.450843225949,98.74573619016519,1960
1964-07-01,1964,7,46.3665337630129,98.17906018288949,1960
1964-08-01,1964,8,48.5287037312363,108.01135040400845,1960
1964-09-01,1964,9,94.0752272280042,89.63906561057244,1960
1964-10-01,1964,10,125.236491286164,107.37415912429522,1960
1964-11-01,1964,11,191.965926282746,113.44811490907382,1960
1964-12-01,1964,12,43.1330781190133,111.70175596727319,1960
1965-01-01,1965,1,203.655534597481,96.83085236511077,1960
1965-02-01,1965,2,0.0,98.81031490276526,1960
1965-03-01,1965,3,262.414373859757,108.26751538133765,1960
1965-04-01,1965,4,72.8874694173432,100.4279131123373,1960
1965-05-01,1965,5,73.7068900965714,92.7962222206301,1960
1965-06-01,1965,6,0.0,84.6095565319012,1960
1965-07-01,1965,7,70.1200842148666,81.01513335531676,1960
1965-08-01,1965,8,162.015109474105,97.83381390246477,1960
1965-09-01,1965,9,0.0,111.80288808874069,1960
1965-10-01,1965,10,33.6562005856777,103.23905743583752,1960
1965-11-01,1965,11,93.7259380179992,129.9708142353425,1960
1965-12-01,1965,12,0.0,136.25156517849945,1960
1966-01-01,1966,1,405.479701163257,136.25156517849945,1960
1966-02-01,1966,2,167.628890235311,149.3946010418854,1960
1966-03-01,1966,3,159.648406024919,135.89334191904334,1960
1966-04-01,1966,4,393.668551011403,135.89334191904334,1960
1966-05-01,1966,5,149.075901414455,133.08865853690352,1960
1966-06-01,1966,6,0.0,125.27816370207024,1960
1966-07-01,1966,7,227.836514575498,141.63400777021891,1960
1966-08-01,1966,8,0.0,107.84403267328082,1960
1966-09-01,1966,9,0.0,93.8749584870049,1960
1966-10-01,1966,10,0.0,80.570924651595,1960
1966-11-01,1966,11,0.0,47.76521206731142,1960
1966-12-01,1966,12,196.270128817784,35.3422202827735,1960
1967-01-01,1967,1,0.0,35.3422202827735,1960
1967-02-01,1967,2,0.0,44.22464528889041,1960
1967-03-01,1967,3,0.0,55.58332143942749,1960
1967-04-01,1967,4,0.0,55.58332143942749,1960
1967-05-01,1967,5,0.0,55.58332143942749,1960
1967-06-01,1967,6,0.0,55.58332143942749,1960
1967-07-01,1967,7,334.425614648901,50.34349614728766,1960
1967-08-01,1967,8,136.304113806445,50.34349614728766,1960
1967-09-01,1967,9,0.0,50.34349614728766,1960
1967-10-01,1967,10,0.0,50.34349614728766,1960
1967-11-01,1967,11,0.0,50.34349614728766,1960
1967-12-01,1967,12,133.392225312106,50.34349614728766,1960
1968-01-01,1968,1,0.0,50.34349614728766,1960
1968-02-01,1968,2,0.0,22.47469492654591,1960
1968-03-01,1968,3,0.0,11.11601877600883,1960
1968-04-01,1968,4,0.0,11.11601877600883,1960
1968-05-01,1968,5,0.0,17.928391878762387,1960
1968-06-01,1968,6,0.0,24.681819849600895,1960
1968-07-01,1968,7,0.0,13.565801073592063,1960
1968-08-01,1968,8,0.0,13.565801073592063,1960
1968-09-01,1968,9,0.0,13.565801073592063,1960
1968-10-01,1968,10,81.7484772330427,13.565801073592063,1960
1968-11-01,1968,11,81.0411356500621,13.565801073592063,1960
1968-12-01,1968,12,0.0,13.565801073592063,1960
1969-01-01,1969,1,0.0,13.565801073592063,1960
1969-02-01,1969,2,0.0,13.565801073592063,1960
1969-03-01,1969,3,0.0,13.565801073592063,1960
1969-04-01,1969,4,0.0,13.565801073592063,1960
1969-05-01,1969,5,0.0,6.753427970838504,1960
1969-06-01,1969,6,0.0,0.0,1960
1969-07-01,1969,7,0.0,0.0,1960
1969-08-01,1969,8,0.0,0.0,1960
1969-09-01,1969,9,0.0,22.96184272502966,1960
1969-10-01,1969,10,0.0,22.96184272502966,1960
1969-11-01,1969,11,0.0,22.96184272502966,1960
1969-12-01,1969,12,0.0,22.96184272502966,1960
1970-01-01,1970,1,0.0,22.96184272502966,1970
1970-02-01,1970,2,275.542112700356,22.96184272502966,1970
1970-03-01,1970,3,0.0,22.96184272502966,1970
1970-04-01,1970,4,0.0,38.478522624915406,1970
1970-05-01,1970,5,0.0,38.478522624915406,1970
1970-06-01,1970,6,0.0,38.478522624915406,1970
1970-07-01,1970,7,0.0,38.478522624915406,1970
1970-08-01,1970,8,0.0,38.478522624915406,1970
1970-09-01,1970,9,186.200158798629,15.516679899885744,1970
1970-10-01,1970,10,0.0,15.516679899885744,1970
1970-11-01,1970,11,0.0,15.516679899885744,1970
1970-12-01,1970,12,0.0,15.516679899885744,1970
1971-01-01,1971,1,0.0,15.516679899885744,1970
1971-02-01,1971,2,0.0,15.516679899885744,1970
1971-03-01,1971,3,0.0,25.502249245685164,1970
1971-04-01,1971,4,0.0,9.985569345799412,1970
1971-05-01,1971,5,0.0,9.985569345799412,1970
1971-06-01,1971,6,0.0,9.985569345799412,1970
1971-07-01,1971,7,0.0,9.985569345799412,1970
1971-08-01,1971,8,119.826832149593,24.50331708111141,1970
1971-09-01,1971,9,0.0,40.50830329979341,1970
1971-10-01,1971,10,0.0,40.50830329979341,1970
1971-11-01,1971,11,0.0,40.50830329979341,1970
1971-12-01,1971,12,0.0,50.75323808314607,1970
1972-01-01,1972,1,174.212972823744,55.7980425415102,1970
1972-02-01,1972,2,192.059834624184,55.7980425415102,1970
1972-03-01,1972,3,0.0,62.415594288259946,1970
1972-04-01,1972,4,0.0,62.415594288259946,1970
1972-05-01,1972,5,122.939217400232,72.7454081185757,1970
1972-06-01,1972,6,60.5376535003695,72.7454081185757,1970
1972-07-01,1972,7,0.0,72.7454081185757,1970
1972-08-01,1972,8,199.23745311059,58.2276603832637,1970
1972-09-01,1972,9,0.0,46.83324228982082,1970
1972-10-01,1972,10,123.957765963789,46.83324228982082,1970
1972-11-01,1972,11,0.0,46.83324228982082,1970
1972-12-01,1972,12,0.0,36.58830750646815,1970
1973-01-01,1973,1,0.0,31.543503048104025,1970
1973-02-01,1973,2,55.3268175028694,31.543503048104025,1970
1973-03-01,1973,3,0.0,14.940381955554862,1970
1973-04-01,1973,4,0.0,14.940381955554862,1970
1973-05-01,1973,5,0.0,4.610568125239112,1970
1973-06-01,1973,6,0.0,4.610568125239112,1970
1973-07-01,1973,7,0.0,4.610568125239112,1970
1973-08-01,1973,8,0.0,4.610568125239112,1970
1973-09-01,1973,9,0.0,0.0,1970
1973-10-01,1973,10,0.0,0.0,1970
1973-11-01,1973,11,0.0,4.298602067984537,1970
1973-12-01,1973,12,0.0,4.298602067984537,1970
1974-01-01,1974,1,0.0,4.298602067984537,1970
1974-02-01,1974,2,0.0,4.298602067984537,1970
1974-03-01,1974,3,0.0,4.298602067984537,1970
1974-04-01,1974,4,51.5832248158145,4.298602067984537,1970
1974-05-01,1974,5,0.0,4.298602067984537,1970
1974-06-01,1974,6,0.0,4.298602067984537,1970
1974-07-01,1974,7,0.0,8.610775097509679,1970
1974-08-01,1974,8,0.0,8.610775097509679,1970
1974-09-01,1974,9,0.0,34.76383269644943,1970
1974-10-01,1974,10,0.0,34.76383269644943,1970
1974-11-01,1974,11,0.0,34.87485389594539,1970
1974-12-01,1974,12,51.7460763543017,34.87485389594539,1970
1975-01-01,1975,1,0.0,34.87485389594539,1970
1975-02-01,1975,2,313.836691187277,34.87485389594539,1970
1975-03-01,1975,3,0.0,34.87485389594539,1970
1975-04-01,1975,4,52.9154792097661,34.87485389594539,1970
1975-05-01,1975,5,0.0,34.87485389594539,1970
1975-06-01,1975,6,0.0,34.87485389594539,1970
1975-07-01,1975,7,0.0,35.08172406609631,1970
1975-08-01,1975,8,0.0,35.08172406609631,1970
1975-09-01,1975,9,0.0,8.928666467156562,1970
1975-10-01,1975,10,0.0,8.928666467156562,1970
1975-11-01,1975,11,0.0,4.519043199676053,1970
1975-12-01,1975,12,54.2285183961127,4.519043199676053,1970
1976-01-01,1976,1,0.0,4.519043199676053,1970
1976-02-01,1976,2,0.0,4.519043199676053,1970
1976-03-01,1976,3,0.0,4.519043199676053,1970
1976-04-01,1976,4,0.0,9.828589582968911,1970
1976-05-01,1976,5,0.0,9.828589582968911,1970
1976-06-01,1976,6,0.0,9.828589582968911,1970
1976-07-01,1976,7,0.0,5.3095463832928536,1970
1976-08-01,1976,8,0.0,5.3095463832928536,1970
1976-09-01,1976,9,63.7145565995143,5.3095463832928536,1970
1976-10-01,1976,10,0.0,5.3095463832928536,1970
1976-11-01,1976,11,0.0,5.3095463832928536,1970
1976-12-01,1976,12,0.0,5.3095463832928536,1970
1977-01-01,1977,1,0.0,5.3095463832928536,1970
1977-02-01,1977,2,0.0,5.3095463832928536,1970
1977-03-01,1977,3,0.0,5.3095463832928536,1970
1977-04-01,1977,4,0.0,0.0,1970
1977-05-01,1977,5,0.0,0.0,1970
1977-06-01,1977,6,0.0,13.363289938982994,1970
1977-07-01,1977,7,0.0,13.363289938982994,1970
1977-08-01,1977,8,0.0,29.887519676848996,1970
1977-09-01,1977,9,0.0,40.08280211068624,1970
1977-10-01,1977,10,0.0,40.08280211068624,1970
1977-11-01,1977,11,160.359479267796,40.08280211068624,1970
1977-12-01,1977,12,0.0,48.11149164545238,1970
1978-01-01,1978,1,198.290756854392,48.11149164545238,1970
1978-02-01,1978,2,122.343389206047,55.75813017366561,1970
1978-03-01,1978,3,0.0,67.66545060110953,1970
1978-04-01,1978,4,0.0,67.66545060110953,1970
1978-05-01,1978,5,96.3442744171936,67.66545060110953,1970
1978-06-01,1978,6,0.0,60.96905904944605,1970
1978-07-01,1978,7,91.7596623385588,60.96905904944605,1970
1978-08-01,1978,8,142.887845129327,44.44482931158006,1970
1978-09-01,1978,9,0.0,39.63075012530668,1970
1978-10-01,1978,10,0.0,41.8941393663214,1970
1978-11-01,1978,11,80.0027806478343,46.37395956534221,1970
1978-12-01,1978,12,0.0,42.75406595315905,1970
1979-01-01,1979,1,0.0,50.012790084740885,1970
1979-02-01,1979,2,64.5744389707666,42.366151556527655,1970
1979-03-01,1979,3,27.1606708921765,34.9262932034176,1970
1979-04-01,1979,4,53.7578423882499,34.9262932034176,1970
1979-05-01,1979,5,52.9055510709955,57.4043546063736,1970
1979-06-01,1979,6,87.1046895789821,73.2376515434495,1970
1979-07-01,1979,7,0.0,85.20571611646723,1970
1979-08-01,1979,8,53.6095448920064,93.78923023136265,1970
1979-09-01,1979,9,0.0,89.88968755282532,1970
1979-10-01,1979,10,269.736736835472,87.62629831181061,1970
1979-11-01,1979,11,270.002343892745,83.14647811278981,1970
1979-12-01,1979,12,143.616774876213,87.85885296245785,1970
1980-01-01,1980,1,103.002169378745,83.33916477497075,1980
1980-02-01,1980,2,17.7799268283187,90.02232821770708,1980
1980-03-01,1980,3,0.0,96.14637936063612,1980
1980-04-01,1980,4,0.0,98.84322366029646,1980
1980-05-01,1980,5,109.454049267012,76.36516225734046,1980
1980-06-01,1980,6,32.8684313291371,73.57263203685405,1980
1980-07-01,1980,7,80.1979613128359,68.95875723101733,1980
1980-08-01,1980,8,127.098158607155,60.37524311612191,1980
1980-09-01,1980,9,32.3621315959239,58.89358254709535,1980
1980-10-01,1980,10,0.0,65.41777384575848,1980
1980-11-01,1980,11,236.491981246908,74.72813275503965,1980
1980-12-01,1980,12,88.2502772061724,70.95390379689027,1980
1981-01-01,1981,1,0.0,68.2148678527955,1980
1981-02-01,1981,2,0.0,62.90296182068241,1980
1981-03-01,1981,3,78.2902955839576,55.724777705216695,1980
1981-04-01,1981,4,111.724306911374,63.186896377808615,1980
1981-05-01,1981,5,64.1633017692194,66.7703816556131,1980
1981-06-01,1981,6,0.0,50.611384528686756,1980
1981-07-01,1981,7,16.4550889274787,50.80212189597241,1980
1981-08-01,1981,8,40.9599492215664,56.00159276860503,1980
1981-09-01,1981,9,121.907555667027,59.802982219993304,1980
1981-10-01,1981,10,43.0018233336538,55.69950093918671,1980
1981-11-01,1981,11,42.5840157237919,55.416923425807454,1980
1981-12-01,1981,12,90.5391256136002,60.373066932558594,1980
1982-01-01,1982,1,62.3936504715915,64.36351046918125,1980
1982-02-01,1982,2,45.6166734166592,65.25557360686516,1980
1982-03-01,1982,3,29.0485202142785,70.38118568787878,1980
1982-04-01,1982,4,108.333376750823,71.21680726553213,1980
1982-05-01,1982,5,123.637023850233,73.54148028822618,1980
1982-06-01,1982,6,47.8853224394719,76.29732108526106,1980
1982-07-01,1982,7,27.1598465796856,73.01700488666908,1980
1982-08-01,1982,8,102.46729419373,70.28245791349768,1980
1982-09-01,1982,9,131.935014598867,68.88419345163084,1980
1982-10-01,1982,10,70.8978996059825,76.0184858641458,1980
1982-11-01,1982,11,75.6541052882105,70.46468731117423,1980
1982-12-01,1982,12,51.1753312304963,63.62567686079425,1980
1983-01-01,1983,1,29.5790867935347,64.04791725317985,1980
1983-02-01,1983,2,28.8374998742572,70.90481490119447,1980
1983-03-01,1983,3,114.660029164458,65.4815483605921,1980
1983-04-01,1983,4,41.6877941151641,58.66843619622998,1980
1983-05-01,1983,5,41.5688984456734,53.89039304014597,1980
1983-06-01,1983,6,52.952207148099,55.294250658847155,1980
1983-07-01,1983,7,109.442618355861,55.5705604444972,1980
1983-08-01,1983,8,37.3880957065017,58.32547539095387,1980
1983-09-01,1983,9,50.1776686265216,59.629621088548355,1980
1983-10-01,1983,10,13.5613817329744,51.32323469668574,1980
1983-11-01,1983,11,92.5003967126246,56.497533615594556,1980
1983-12-01,1983,12,54.4910486582967,55.426595683980196,1980
1984-01-01,1984,1,62.6380661510148,53.28616411286197,1980
1984-02-01,1984,2,44.487248245391,47.30264512320176,1980
1984-03-01,1984,3,14.9833924621066,45.97402432174232,1980
1984-04-01,1984,4,103.77938114207,46.76783612036483,1980
1984-05-01,1984,5,28.717643266301,50.379048602066014,1980
1984-06-01,1984,6,27.2670282946804,43.74530397573485,1980
1984-07-01,1984,7,37.6403904799386,41.98670474706217,1980
1984-08-01,1984,8,21.4446460889882,46.471681804191604,1980
1984-09-01,1984,9,59.7034102099918,44.76785143541019,1980
1984-10-01,1984,10,56.8959315133886,50.91428964567903,1980
1984-11-01,1984,11,12.8954611966505,53.8451721132222,1980
1984-12-01,1984,12,33.3878579142247,54.39162148318973,1980
1985-01-01,1985,1,116.457790836568,58.35677461898407,1980
1985-02-01,1985,2,24.041283820014,58.158941032046336,1980
1985-03-01,1985,3,88.7406509853327,60.56386668599424,1980
1985-04-01,1985,4,138.949970752588,56.75282046153065,1980
1985-05-01,1985,5,35.2750357059114,56.23494821108314,1980
1985-06-01,1985,6,74.8488659242124,57.27875450757026,1980
1985-07-01,1985,7,35.2663874366858,59.603295693973045,1980
1985-08-01,1985,8,50.3037539363631,58.13185436216108,1980
1985-09-01,1985,9,13.9708555164287,63.821070449921415,1980
1985-10-01,1985,10,50.6814645080185,64.72115164540914,1980
1985-11-01,1985,11,25.421136754496,68.28465294050123,1980
1985-12-01,1985,12,61.282352151058,69.55159086815557,1980
1986-01-01,1986,1,98.8004948548244,72.69975700065955,1980
1986-02-01,1986,2,92.311876873138,78.94774761674456,1980
1986-03-01,1986,3,99.5416253311855,87.3791085472028,1980
1986-04-01,1986,4,181.711986293693,98.11996612910609,1980
1986-05-01,1986,5,50.4782908377636,96.125629820122,1980
1986-06-01,1986,6,112.62685951426,100.0619665001892,1980
1986-07-01,1986,7,110.242274829706,112.2006688837098,1980
1986-08-01,1986,8,151.480085101862,113.19455885695835,1980
1986-09-01,1986,9,142.861146499268,115.47619650186493,1980
1986-10-01,1986,10,26.7494288002096,113.57183375144808,1980
1986-11-01,1986,11,72.6571769153025,103.65147009937505,1980
1986-12-01,1986,12,206.946780753305,105.31396986891194,1980
1987-01-01,1987,1,110.727174533807,105.07973666422119,1980
1987-02-01,1987,2,119.691528612017,100.14567158831613,1980
1987-03-01,1987,3,76.6892723261835,98.97522640554963,1980
1987-04-01,1987,4,62.6676224688164,100.03802225975454,1980
1987-05-01,1987,5,70.4282880722064,107.159311293462,1980
1987-06-01,1987,6,109.816061057971,111.06518200048355,1980
1987-07-01,1987,7,51.0334939188453,104.00531398186996,1980
1987-08-01,1987,8,137.434742908664,107.58076770047171,1980
1987-09-01,1987,9,155.614696749727,120.27140973219929,1980
1987-10-01,1987,10,112.204897204699,118.70523796015361,1980
1987-11-01,1987,11,119.527625399561,120.26136601725807,1980
1987-12-01,1987,12,122.228364529942,125.92135830858979,1980
1988-01-01,1988,1,153.632619157028,128.22604429954177,1980
1988-02-01,1988,2,271.979232992748,140.19665672286382,1980
1988-03-01,1988,3,57.8952110616354,147.27894201486393,1980
1988-04-01,1988,4,81.3411591540697,146.37190051042808,1980
1988-05-01,1988,5,138.348195568187,153.57951715795375,1980
1988-06-01,1988,6,137.472292949395,153.7095003928262,1980
1988-07-01,1988,7,194.68084299871,148.83310630822288,1980
1988-08-01,1988,8,222.422166412665,144.31763821654252,1980
1988-09-01,1988,9,144.730198696497,132.59092606590093,1980
1988-10-01,1988,10,198.696296975007,136.70156914028547,1980
1988-11-01,1988,11,121.08742421803,138.38136089802785,1980
1988-12-01,1988,12,63.7116355147025,134.78987076612643,1980
1989-01-01,1989,1,99.4470020568635,127.00399933259136,1980
1989-02-01,1989,2,131.258687185049,123.59025173920936,1980
1989-03-01,1989,3,107.22292795425,109.77135806887895,1980
1989-04-01,1989,4,101.498660246978,107.35692957003893,1980
1989-05-01,1989,5,95.2503139853704,99.63846683223277,1980
1989-06-01,1989,6,44.0418357469741,94.24316538286361,1980
1989-07-01,1989,7,153.715871878126,95.71582958271968,1980
1989-08-01,1989,8,56.5954423686999,94.84804733440156,1980
1989-09-01,1989,9,115.757056710417,105.85296742611881,1980
1989-10-01,1989,10,106.074744121333,102.94807880944465,1980
1989-11-01,1989,11,56.3438068255999,100.73293731474092,1980
1989-12-01,1989,12,81.3836059129754,103.00894619662132,1980
1990-01-01,1990,1,89.033615077046,103.92920708568914,1990
1990-02-01,1990,2,263.317728285656,93.17730840454419,1990
1990-03-01,1990,3,72.3642645541603,97.1182716420257,1990
1990-04-01,1990,4,74.9169623105333,88.6772503253719,1990
1990-05-01,1990,5,122.562420567935,93.4519616041863,1990
1990-06-01,1990,6,55.084966415788,95.36912274025046,1990
1990-07-01,1990,7,24.6930877043867,96.58666478948207,1990
1990-08-01,1990,8,103.887001218478,96.70707240043788,1990
1990-09-01,1990,9,14.4648009105711,83.33855080230613,1990
1990-10-01,1990,10,163.371279467106,77.30819542279276,1990
1990-11-01,1990,11,79.3497404583697,80.86480256517717,1990
1990-12-01,1990,12,95.9941105037549,76.315014779608,1990
1991-01-01,1991,1,90.4785064085157,81.08561248356801,1990
1991-02-01,1991,2,102.895469108075,85.55437751042255,1990
1991-03-01,1991,3,0.0,85.31102824069914,1990
1991-04-01,1991,4,117.596248019146,86.21474445598794,1990
1991-05-01,1991,5,67.9649671411052,72.60047116706245,1990
1991-06-01,1991,6,112.332138863308,73.32260496360882,1990
1991-07-01,1991,7,78.3182680266412,70.56744485452873,1990
1991-08-01,1991,8,100.966809981797,76.11740433264292,1990
1991-09-01,1991,9,25.3093954940367,77.52567761409325,1990
1991-10-01,1991,10,0.0,84.33858463422833,1990
1991-11-01,1991,11,88.0153460169263,83.70259351092157,1990
1991-12-01,1991,12,62.9321891947938,88.48033921075056,1990
1992-01-01,1992,1,157.078020145886,85.29892384851193,1990
1992-02-01,1992,2,119.794748485479,83.52425679041897,1990
1992-03-01,1992,3,81.7548842416208,79.71762481193407,1990
1992-04-01,1992,4,109.964354539465,87.86870481263303,1990
1992-05-01,1992,5,125.297915539053,95.10150712853716,1990
1992-06-01,1992,6,74.1551545164444,90.50279961570929,1990
1992-07-01,1992,7,57.0222633295258,96.90318566378573,1990
1992-08-01,1992,8,55.2872262399782,89.92182877968139,1990
1992-09-01,1992,9,123.122355502424,90.45120206035232,1990
1992-10-01,1992,10,86.7936277908498,92.50843811204216,1990
1992-11-01,1992,11,32.8308558629918,91.36264703699283,1990
1992-12-01,1992,12,139.736821771711,86.82018501041227,1990
1993-01-01,1993,1,73.301737536634,91.17616967319249,1990
1993-02-01,1993,2,126.14722785353,95.83100204727141,1990
1993-03-01,1993,3,106.441716861899,99.52229750120175,1990
1993-04-01,1993,4,96.2148616388729,92.62778531452051,1990
1993-05-01,1993,5,70.7883712200866,89.42025865956181,1990
1993-06-01,1993,6,126.426970469807,93.10865211682524,1990
1993-07-01,1993,7,112.880251818473,97.29393334188349,1990
1993-08-01,1993,8,99.5827716871418,102.13241188376533,1990
1993-09-01,1993,9,40.3882092622494,96.54877598976803,1990
1993-10-01,1993,10,48.3033079313454,100.75046131440227,1990
1993-11-01,1993,11,77.091577350153,106.41546846569385,1990
1993-12-01,1993,12,189.96019647241,103.7629226665624,1990
1994-01-01,1994,1,131.363480039216,105.74572139618806,1990
1994-02-01,1994,2,59.1435971255622,106.112808595163,1990
1994-03-01,1994,3,156.86194075751,107.6841747268175,1990
1994-04-01,1994,4,164.194947454372,115.14967447205531,1990
1994-05-01,1994,5,38.9578216305092,117.97518847514937,1990
1994-06-01,1994,6,150.220555225315,122.79972041397353,1990
1994-07-01,1994,7,117.285298206172,116.72672391400103,1990
1994-08-01,1994,8,118.439165266996,118.55673667081278,1990
1994-09-01,1994,9,129.974206205103,121.79205800935286,1990
1994-10-01,1994,10,82.2094759684741,122.62272357253913,1990
1994-11-01,1994,11,134.985960616043,115.54953633183247,1990
1994-12-01,1994,12,117.08423847274,114.31105491814644,1990
1995-01-01,1995,1,153.323633120957,109.94087658368983,1990
1995-02-01,1995,2,97.9674531880432,119.04065561880675,1990
1995-03-01,1995,3,166.829927515745,116.29378643972638,1990
1995-04-01,1995,4,79.3167005658923,117.47619639624895,1990
1995-05-01,1995,5,24.0960446662769,117.361904941516,1990
1995-06-01,1995,6,97.7784152118356,119.57058901172586,1990
1995-07-01,1995,7,226.482646627575,115.0872765356935,1990
1995-08-01,1995,8,85.4767351180315,107.7341028173904,1990
1995-09-01,1995,9,144.163125683374,109.62644120691361,1990
1995-10-01,1995,10,80.8379785116787,101.39556463375384,1990
1995-11-01,1995,11,161.490169458561,104.42806884890614,1990
1995-12-01,1995,12,63.2844887603519,109.43195413181074,1990
1996-01-01,1996,1,65.0855485013196,106.7777121300997,1990
1996-02-01,1996,2,120.675513862322,91.07042024282623,1990
1996-03-01,1996,3,68.0594086378275,91.95187228932416,1990
1996-04-01,1996,4,115.70675114772,82.32066968441525,1990
1996-05-01,1996,5,84.1426680611322,84.30602210878268,1990
1996-06-01,1996,6,65.9275111913031,74.32937200942682,1990
1996-07-01,1996,7,37.9951439802933,75.4571966257002,1990
1996-08-01,1996,8,96.0541596760067,75.21958985293472,1990
1996-09-01,1996,9,28.5886944244671,69.02527239342596,1990
1996-10-01,1996,10,104.662207604088,76.44298639457867,1990
1996-11-01,1996,11,41.7703682662905,73.36049903805902,1990
1996-12-01,1996,12,76.8183841556326,78.68332210767583,1990
1997-01-01,1997,1,62.2342672281337,80.11574194915863,1990
1997-02-01,1997,2,46.343704348217,83.83728580926676,1990
1997-03-01,1997,3,157.07197665166,83.31919631598517,1990
1997-04-01,1997,4,78.716902869484,93.61175507801259,1990
1997-05-01,1997,5,148.016544896534,99.02933064792633,1990
1997-06-01,1997,6,83.1165492890968,106.66219414876788,1990
1997-07-01,1997,7,82.6536703015909,105.60184016294511,1990
1997-08-01,1997,8,89.8370857566276,114.22600525441322,1990
1997-09-01,1997,9,152.099399568796,129.63588527120763,1990
1997-10-01,1997,10,169.673114443053,124.95499330411354,1990
1997-11-01,1997,11,133.364730276389,124.88120640500078,1990
1997-12-01,1997,12,64.0941363257594,141.11193401088477,1990
1998-01-01,1998,1,165.724248325751,151.25239741585395,1990
1998-02-01,1998,2,231.26226454975,166.38834751756488,1990
1998-03-01,1998,3,100.901273046531,173.9964089465634,1990
1998-04-01,1998,4,77.8314600801307,185.2853289285424,1990
1998-05-01,1998,5,342.785276167142,181.62358461104077,1990
1998-06-01,1998,6,204.802110148727,184.23828478792566,1990
1998-07-01,1998,7,264.285071522122,193.15906487806572,1990
1998-08-01,1998,8,181.13382290461,201.0195795012443,1990
1998-09-01,1998,9,287.566439352544,199.42548731630473,1990
1998-10-01,1998,10,125.732182633033,216.82899608534015,1990
1998-11-01,1998,11,164.741132399008,234.27619160298448,1990
1998-12-01,1998,12,171.14349740744,230.6265163570313,1990
1999-01-01,1999,1,260.050423803894,229.2627162060006,1990
1999-02-01,1999,2,212.133158330475,222.1999084728295,1990
1999-03-01,1999,3,309.743378274956,229.7148826754783,1990
1999-04-01,1999,4,287.197806291863,233.3234781346605,1990
1999-05-01,1999,5,298.989173215704,234.51830530914182,1990
1999-06-01,1999,6,188.436508336358,230.49017050267892,1990
1999-07-01,1999,7,179.531378724069,236.71758946172758,1990
1999-08-01,1999,8,271.313513336396,219.9620961347364,1990
1999-09-01,1999,9,330.86958486273,203.61093118469685,1990
1999-10-01,1999,10,140.070108726809,181.6753869392838,1990
1999-11-01,1999,11,116.403514721453,160.1008174724619,1990
1999-12-01,1999,12,245.872524916024,137.8035556103199,1990
2000-01-01,2000,1,58.98450388,125.70225899145674,2000
2000-02-01,2000,2,15.91917893,114.29641394028432,2000
2000-03-01,2000,3,46.51684733,93.96997841558466,2000
2000-04-01,2000,4,28.30297269,69.02250792035716,2000
2000-05-01,2000,5,31.42203087,60.87400329728974,2000
2000-06-01,2000,6,43.22094891,52.01632146633532,2000
2000-07-01,2000,7,42.66123811,35.56649817916665,2000
2000-08-01,2000,8,27.39628704,35.03684083749999,2000
2000-09-01,2000,9,31.49993892,37.10375072499999,2000
2000-10-01,2000,10,42.28805325,38.07439813666665,2000
2000-11-01,2000,11,10.11133275,37.89100089416666,2000
2000-12-01,2000,12,48.47464547,37.58430321166666,2000
2001-01-01,2001,1,52.62861578,37.420246197499985,2000
2001-02-01,2001,2,40.72209758,36.39304519083332,2000
2001-03-01,2001,3,58.16461627,37.34176087999999,2000
2001-04-01,2001,4,26.10220578,38.34106055416665,2000
2001-05-01,2001,5,27.74165868,39.07537022999999,2000
2001-06-01,2001,6,41.25226474,42.673156183333326,2000
2001-07-01,2001,7,30.33482603,43.69204508999999,2000
2001-08-01,2001,8,38.78087531,44.504880812499984,2000
2001-09-01,2001,9,43.49153501,44.51892303249999,2000
2001-10-01,2001,10,51.09976936,44.18306151499999,2000
2001-11-01,2001,11,53.28476419,45.83095185999999,2000
2001-12-01,2001,12,60.70131235,47.43460181749999,2000
2002-01-01,2002,1,62.38264445,46.527525925833324,2000
2002-02-01,2002,2,40.89060422,48.52838538833333,2000
2002-03-01,2002,3,54.13427806,48.97445100166666,2000
2002-04-01,2002,4,45.87688992,49.97324647833332,2000
2002-05-01,2002,5,46.98545817,50.4369205525,2000
2002-06-01,2002,6,30.36735404,50.986160126666654,2000
2002-07-01,2002,7,54.34513958,53.51246625416666,2000
2002-08-01,2002,8,44.13366267,52.16186090583332,2000
2002-09-01,2002,9,55.47708073,51.08686020333332,2000
2002-10-01,2002,10,56.66385825,52.506759710833315,2000
2002-11-01,2002,11,59.87563908,57.147727400833325,2000
2002-12-01,2002,12,91.01698588,58.96814921416666,2000
2003-01-01,2003,1,46.17538027,61.01930963999999,2000
2003-02-01,2003,2,27.99059579,63.601723519999986,2000
2003-03-01,2003,3,71.17307215,65.01544153166667,2000
2003-04-01,2003,4,101.5685022,64.53586481416666,2000
2003-05-01,2003,5,68.83051993,65.05272517249999,2000
2003-06-01,2003,6,54.98127915,63.30111067666666,2000
2003-07-01,2003,7,85.33410614,60.14417325249999,2000
2003-08-01,2003,8,61.09827881,60.95192244166665,2000
2003-09-01,2003,9,49.72216012,63.41566800749999,2000
2003-10-01,2003,10,62.86618255,61.476141353333325,2000
2003-11-01,2003,11,38.85626513,57.92215827333332,2000
2003-12-01,2003,12,53.13373679,55.27974809333332,2000
2004-01-01,2004,1,55.86837054,54.95418767916666,2000
2004-02-01,2004,2,57.55554258,51.790572834999985,2000
2004-03-01,2004,3,47.8987523,50.39311485666665,2000
2004-04-01,2004,4,58.92070524,49.13329604499999,2000
2004-05-01,2004,5,37.12159777,49.05267083749999,2000
2004-06-01,2004,6,51.07455418,49.86902334499999,2000
2004-07-01,2004,7,47.37072801,51.54386988083332,2000
2004-08-01,2004,8,44.32878307,50.95528300499999,2000
2004-09-01,2004,9,34.60433438,49.46342667749999,2000
2004-10-01,2004,10,61.89868006,48.90217989333332,2000
2004-11-01,2004,11,48.65249522,50.61472738,2000
2004-12-01,2004,12,73.23189522,49.49762998833332,2000
2005-01-01,2005,1,48.80532803,49.14073553499998,2000
2005-02-01,2005,2,39.65326665,50.324752102499986,2000
2005-03-01,2005,3,41.16379089,51.583020004166656,2000
2005-04-01,2005,4,79.47127508,54.53001158583333,2000
2005-05-01,2005,5,23.71642907,53.74632943333332,2000
2005-06-01,2005,6,46.79182074,52.651617309999985,2000
2005-07-01,2005,7,61.57892682,51.89460686166666,2000
2005-08-01,2005,8,59.42799789,55.976123286666656,2000
2005-09-01,2005,9,69.96823336,57.96265530499999,2000
2005-10-01,2005,10,52.49449423,59.12801286499999,2000
2005-11-01,2005,11,35.51594974,57.45142205999999,2000
2005-12-01,2005,12,64.14776984,58.631382517499986,2000
2006-01-01,2006,1,97.78352513,58.64601780916666,2000
2006-02-01,2006,2,63.49165087,58.16922663,2000
2006-03-01,2006,3,55.14808161,58.159694955833324,2000
2006-04-01,2006,4,59.35218542,54.40203705916665,2000
2006-05-01,2006,5,37.87595456,55.92443101499999,2000
2006-06-01,2006,6,46.96744424,57.88535240166666,2000
2006-07-01,2006,7,55.85743267,57.88548405749999,2000
2006-08-01,2006,8,59.3136178,52.153292831666654,2000
2006-09-01,2006,9,24.8763386,50.175275036666655,2000
2006-10-01,2006,10,70.7632217,50.600094057499994,2000
2006-11-01,2006,11,59.04700638,49.07587865249999,2000
2006-12-01,2006,12,64.14934971,49.00399338166665,2000
2007-01-01,2007,1,28.99723042,48.793076700833325,2000
2007-02-01,2007,2,39.75543733,49.04120861666666,2000
2007-03-01,2007,3,60.24590986,48.27657791249999,2000
2007-04-01,2007,4,41.06160056,51.12298454833333,2000
2007-05-01,2007,5,37.01333131,49.816275415833324,2000
2007-06-01,2007,6,44.43644407,48.784946964166664,2000
2007-07-01,2007,7,58.83501566,50.44337992666666,2000
2007-08-01,2007,8,50.13804935,54.86385451249999,2000
2007-09-01,2007,9,59.03321823,56.08304792333333,2000
2007-10-01,2007,10,55.08271211,62.39143089333333,2000
2007-11-01,2007,11,46.67106496,66.60318745,2000
2007-12-01,2007,12,84.05054526,69.15204556833332,2000
2008-01-01,2008,1,82.04292545,70.69437206666666,2000
2008-02-01,2008,2,54.38575826,76.29514944499999,2000
2008-03-01,2008,3,135.9465055,82.81837376583333,2000
2008-04-01,2008,4,91.60267924,86.56002644666665,2000
2008-05-01,2008,5,67.59962873,94.51398812083333,2000
2008-06-01,2008,6,62.94436205,101.1312656825,2000
2008-07-01,2008,7,126.0443442,104.55551284416667,2000
2008-08-01,2008,8,128.4167412,108.88091747333333,2000
2008-09-01,2008,9,103.9330504,112.92161994333333,2000
2008-10-01,2008,10,150.5302522,111.26369512666663,2000
2008-11-01,2008,11,126.0783957,110.38879524083332,2000
2008-12-01,2008,12,125.1415112,109.52700910999998,2000
2009-01-01,2009,1,133.947781,119.26886392249999,2000
2009-02-01,2009,2,102.8741879,119.99724271416665,2000
2009-03-01,2009,3,116.0514077,119.45710191416667,2000
2009-04-01,2009,4,81.10388061,126.65568959749999,2000
2009-05-01,2009,5,57.25819516,124.21603963916664,2000
2009-06-01,2009,6,179.8466198,123.96450195583333,2000
2009-07-01,2009,7,134.7848897,122.1677632975,2000
2009-08-01,2009,8,121.9350516,120.93561811416664,2000
2009-09-01,2009,9,190.3161026,121.20022398916666,2000
2009-10-01,2009,10,121.2544527,123.52280478916667,2000
2009-11-01,2009,11,123.0599435,124.68432816166666,2000
2009-12-01,2009,12,103.5806473,128.82324137333333,2000
2010-01-01,2010,1,119.1620388,125.37689891500001,2010
2010-02-01,2010,2,106.0494584,124.76993413166666,2010
2010-03-01,2010,3,143.9223773,122.53866172416666,2010
2010-04-01,2010,4,95.04216108,113.52187112249999,2010
2010-05-01,2010,5,106.9251537,111.57564027749999,2010
2010-06-01,2010,6,138.4905103,109.09460026833334,2010
2010-07-01,2010,7,127.5013123,110.94337446833333,2010
2010-08-01,2010,8,95.15978271,113.93372584333332,2010
2010-09-01,2010,9,82.11461538,110.01355737499999,2010
2010-10-01,2010,10,97.89968256,108.08420363333333,2010
2010-11-01,2010,11,93.28746339,111.42833530999998,2010
2010-12-01,2010,12,125.7659377,108.69481278083333,2010
2011-01-01,2011,1,155.0462553,105.70849636416665,2010
2011-02-01,2011,2,59.00743678,103.40351993,2010
2011-03-01,2011,3,120.7701324,107.16226814583332,2010
2011-04-01,2011,4,135.1717412,112.19563253083332,2010
2011-05-01,2011,5,74.12288335,117.18078715916666,2010
2011-06-01,2011,6,102.6547133,122.89435032666667,2010
2011-07-01,2011,7,99.84159509,125.71505522666666,2010
2011-08-01,2011,8,140.2647613,122.83195806833332,2010
2011-09-01,2011,9,142.514988,129.51071375333333,2010
2011-10-01,2011,10,157.7215381,130.84485202,2010
2011-11-01,2011,11,161.8502214,130.10689818666665,2010
2011-12-01,2011,12,159.6143965,135.02582830749998,2010
2012-01-01,2012,1,120.4490894,138.05778319916666,2010
2012-02-01,2012,2,139.152505,139.77125779166667,2010
2012-03-01,2012,3,136.7797916,134.64643145083332,2010
2012-04-01,2012,4,126.3162952,132.80928393416664,2010
2012-05-01,2012,5,133.1500448,129.09120860916667,2010
2012-06-01,2012,6,139.038172,125.79695000083332,2010
2012-07-01,2012,7,120.4032902,124.33553670916665,2010
2012-08-01,2012,8,78.76684521,125.14457750083334,2010
2012-09-01,2012,9,120.4692178,120.57114793416667,2010
2012-10-01,2012,10,113.1046342,116.71561845916666,2010
2012-11-01,2012,11,122.3191181,116.16185313416668,2010
2012-12-01,2012,12,142.077437,111.02617671583333,2010
2013-01-01,2013,1,130.1575789,107.99933829083331,2010
2013-02-01,2013,2,84.2713502,104.3190637825,2010
2013-03-01,2013,3,90.5134379,106.16442875666667,2010
2013-04-01,2013,4,119.6711113,104.53639113166666,2010
2013-05-01,2013,5,71.52192778,107.87149210666666,2010
2013-06-01,2013,6,102.7161109,107.72695197333331,2010
2013-07-01,2013,7,76.2399961,106.23349678166666,2010
2013-08-01,2013,8,100.9112249,104.01607809833331,2010
2013-09-01,2013,9,100.9327663,102.87506092083332,2010
2013-10-01,2013,10,153.1258459,103.66345310999998,2010
2013-11-01,2013,11,120.5846365,104.48639290999999,2010
2013-12-01,2013,12,124.1559747,104.97885700166667,2010
2014-01-01,2014,1,103.5485547,105.23630739333332,2010
2014-02-01,2014,2,70.57914407,106.76636314,2010
2014-03-01,2014,3,99.97414417,104.82370437916667,2010
2014-04-01,2014,4,129.5463889,105.40512622916667,2010
2014-05-01,2014,5,77.43149688,100.96246395749999,2010
2014-06-01,2014,6,105.8055156,100.92489851583332,2010
2014-07-01,2014,7,94.60066506,95.48683697166666,2010
2014-08-01,2014,8,77.59931977,95.02736855666666,2010
2014-09-01,2014,9,107.9098285,97.07176819499999,2010
2014-10-01,2014,10,99.81389864,98.42939376416666,2010
2014-11-01,2014,11,120.1338512,92.96211723666666,2010
2014-12-01,2014,12,58.89923617,92.19705631,2010
2015-01-01,2015,1,98.03493372,91.34128412333332,2010
2015-02-01,2015,2,95.11193973,94.59452205166666,2010
2015-03-01,2015,3,116.265651,93.14507104749998,2010
2015-04-01,2015,4,63.93907057,92.18846996166666,2010
2015-05-01,2015,5,68.25076576,91.14895882416666,2010
2015-06-01,2015,6,95.53624936,89.14430539833332,2010
2015-07-01,2015,7,133.6395202,92.11420780666667,2010
2015-08-01,2015,8,60.20590772,94.56781927999998,2010
2015-09-01,2015,9,96.43061547,95.64642728583333,2010
2015-10-01,2015,10,87.33976499,98.8932846108333,2010
2015-11-01,2015,11,96.07801009,107.33486250499999,2010
2015-12-01,2015,12,94.53806507,111.44283464166665,2010
2016-01-01,2016,1,127.4782714,114.43623181166664,2010
2016-02-01,2016,2,108.0552358,112.66622808666666,2010
2016-03-01,2016,3,155.2279389,117.34288335999997,2010
2016-04-01,2016,4,165.2380053,121.6040447875,2010
2016-05-01,2016,5,117.5464314,123.226502955,2010
2016-06-01,2016,6,131.4570154,126.31142650583331,2010
2016-07-01,2016,7,112.3994755,129.31386789166666,2010
2016-08-01,2016,8,116.325771,144.19380327499996,2010
2016-09-01,2016,9,147.5645526,149.88916533333332,2010
2016-10-01,2016,10,106.809263,166.04126483333332,2010
2016-11-01,2016,11,133.0970927,166.78749532499998,2010
2016-12-01,2016,12,130.5673617,167.8882387,2010
2017-01-01,2017,1,306.037496,175.90513144166667,2010
2017-02-01,2017,2,176.3995805,185.55863285833334,2010
2017-03-01,2017,3,349.0531329,189.58855467499998,2010
2017-04-01,2017,4,174.1927712,194.490212725,2010
2017-05-01,2017,5,130.7553519,197.46724097499998,2010
2017-06-01,2017,6,227.6597283,203.54562981666663,2010
2017-07-01,2017,7,228.2414925,206.63870240000003,2010
2017-08-01,2017,8,164.6848328,203.22554512499997,2010
2017-09-01,2017,9,206.3844492,200.9924260833333,2010
2017-10-01,2017,10,142.533602,193.08269213333335,2010
2017-11-01,2017,11,206.0377588,198.71157428333333,2010
2017-12-01,2017,12,167.6842327,205.38188599999998,2010
2018-01-01,2018,1,265.0796087,203.33434881666668,2010
2018-02-01,2018,2,149.602152,217.28689611666664,2010
2018-03-01,2018,3,254.1363255,226.01953791666665,2010
2018-04-01,2018,4,241.739357,234.9948090833333,2010
2018-05-01,2018,5,210.7990925,251.7312047,2010
2018-06-01,2018,6,203.0892821,271.08104956666665,2010
2018-07-01,2018,7,395.6720601,277.8131220833333,2010
2018-08-01,2018,8,269.4765344,279.7314437332135,2010
2018-09-01,2018,9,314.0877032,287.263468096765,2010
2018-10-01,2018,10,343.3703494,300.34794632730285,2010
2018-11-01,2018,11,438.2358972,306.8208969508039,2010
2018-12-01,2018,12,248.4691029,319.6794309088154,2010
2019-01-01,2019,1,288.099468498562,356.8447020518283,2010
2019-02-01,2019,2,239.986444362618,355.1972251688144,2010
2019-03-01,2019,3,411.150064266454,365.73966389045313,2010
2019-04-01,2019,4,319.414764482013,368.5152550067046,2010
2019-05-01,2019,5,365.101499996138,359.4089952630165,2010
2019-06-01,2019,6,649.072535816154,355.90425385338494,2010
2019-07-01,2019,7,375.902337503833,363.3586173645401,2010
2019-08-01,2019,8,395.985799059666,360.21048694807297,2010
2019-09-01,2019,9,347.394796595017,356.5204640323277,2010
2019-10-01,2019,10,234.095232475743,340.5415010918188,2010
2019-11-01,2019,11,396.179000284422,341.3240540766606,2010
2019-12-01,2019,12,337.921465033862,352.6767994456266,2010
2020-01-01,2020,1,250.321903500956,333.7241807054371,2020
2020-02-01,2020,2,195.706169373674,329.4541997609955,2020
2020-03-01,2020,3,219.402508980348,334.0913071602791,2020
2020-04-01,2020,4,328.805400300115,346.2585774194959,2020
2020-05-01,2020,5,501.33444442373,359.8170372028465,2020
2020-06-01,2020,6,421.641110933879,381.9544578697689,2020
2020-07-01,2020,7,324.662566170534,390.3879720694651,2020
2020-08-01,2020,8,451.631087851069,401.0575678688304,2020
2020-09-01,2020,9,493.402039705619,404.5327715524299,2020
2020-10-01,2020,10,396.79674987595,411.44094428115335,2020
2020-11-01,2020,11,661.82804828749,408.17633038711665,2020
2020-12-01,2020,12,439.123635430217,384.47017327402546,2020
2021-01-01,2021,1,378.35705309334,367.6469810953732,2020
2021-02-01,2021,2,237.408613576867,359.5854765260108,2020
2021-03-01,2021,3,302.30058172503,346.51853628452255,2020
2021-04-01,2021,4,289.630033571675,328.31420157097426,2020
2021-05-01,2021,5,216.860559066636,315.9539420260841,2020
2021-06-01,2021,6,219.762804790051,288.22405391836793,2020
2021-07-01,2021,7,227.924511338185,280.29736364738375,2020
2021-08-01,2021,8,294.827804953211,275.35690345691427,2020
2021-09-01,2021,9,274.950023143039,269.4963419575508,2020
2021-10-01,2021,10,248.473635337268,274.22172506249063,2020
2021-11-01,2021,11,329.069390994896,278.18203807538913,2020
2021-12-01,2021,12,344.003352178407,292.3395117283588,2020
2022-01-01,2022,1,319.071530807706,301.36719050500386,2020
2022-02-01,2022,2,167.081875584505,312.3716014286237,2020
2022-03-01,2022,3,359.005178984309,309.5426982623084,2020
2022-04-01,2022,4,337.153789726457,306.84327436655025,2020
2022-05-01,2022,5,386.750242902272,307.7245726553342,2020
2022-06-01,2022,6,328.094950109791,317.684527222263,2020
2022-07-01,2022,7,359.977442421623,314.89232953583456,2020
2022-08-01,2022,8,260.880966957428,311.2541682846774,2020
2022-09-01,2022,9,242.556936393941,327.68798510451666,2020
2022-10-01,2022,10,259.049214802676,340.8522943420293,2020
2022-11-01,2022,11,448.588845798041,345.4732324106742,2020
2022-12-01,2022,12,310.496979941266,332.7433439189409,2020
2023-01-01,2023,1,275.41359579382,329.6027336652365,2020
2023-02-01,2023,2,364.287677422576,319.0836340524819,2020
2023-03-01,2023,3,516.976889834461,316.27272501630586,2020
2023-04-01,2023,4,392.605046550195,316.85004858902397,2020
2023-05-01,2023,5,233.991581001473,308.6775742129825,2020
2023-06-01,2023,6,290.407627065338,290.4073346176078,2020
2023-07-01,2023,7,233.748247068568,290.59876262252635,2020
2023-08-01,2023,8,227.150058523315,297.3955226798905,2020
2023-09-01,2023,9,249.484819266559,281.2730497088776,2020
2023-10-01,2023,10,160.979522290178,258.42885989770224,2020
2023-11-01,2023,11,229.345970653544,239.60680894609143,2020
2023-12-01,2023,12,312.794116000289,237.29754738517852,2020
2024-01-01,2024,1,356.97471648219,223.45486737447416,2020
2024-02-01,2024,2,170.818001770421,227.1893159779106,2020
2024-03-01,2024,3,242.846612100357,225.5920049257951,2020
2024-04-01,2024,4,166.740435130865,223.4396379059448,2020
2024-05-01,2024,5,206.280442270518,229.0311929302114,2020
2024-06-01,2024,6,124.295466936886,229.40455783986909,2020
2024-07-01,2024,7,278.561630309805,233.70570440066726,2020
2024-08-01,2024,8,207.982325897929,225.3661446938181,2020
2024-09-01,2024,9,223.656415028356,231.264644546283,2020
2024-10-01,2024,10,228.078182581377,246.5971603491735,2020
2024-11-01,2024,11,233.826349569436,276.43845144030746,2020
2024-12-01,2024,12,364.407874729867,300.42430021884553,2020
2025-01-01,2025,1,256.9,318.62819112076176,2020
2025-02-01,2025,2,241.6,324.20507976925234,2020
2025-03-01,2025,3,426.836801735043,331.9790801364787,2020
2025-04-01,2025,4,524.835928224473,331.82085997231684,2020
2025-05-01,2025,5,494.110627612975,356.35025773140023,2020
2025-06-01,2025,6,342.74215775988,374.7177218842083,2020
2025-07-01,2025,7,345.484294091692,379.35484833984646,2020
2025-08-01,2025,8,301.270330304645,,2020
2025-09-01,2025,9,221.757773058414,,2020
2025-10-01,2025,10,522.430955690378,,2020
2025-11-01,2025,11,454.235919403133,,2020
2025-12-01,2025,12,420.053392197524,,2020
