year,quarter,uk_epu_migrant_index,uk_fear_index,germany_epu_migrant_index,germany_fear_index,usa_epu_migrant_index,usa_fear_index,france_epu_migrant_index,france_fear_index,date
1990,1,25.029695089818965,67.40442084798828,112.33824671107573,21.229358889597705,110.98375310026982,89.92874117102426,61.42872607973817,80.19960949674034,1990-01-01
1990,2,22.545424392537043,56.605845469600325,118.17399978697576,44.664365456036734,71.96549574072247,84.9183891603696,112.01455972014965,72.05561105426078,1990-04-01
1990,3,51.42003080521024,66.11305704086536,114.69829391088824,68.1225405905098,91.55405894064018,96.25625705934736,94.26027311542936,103.97614212885951,1990-07-01
1990,4,25.513360695419333,43.91043870214194,98.72764539165063,53.306475951146915,115.44107239237762,85.23593384433036,31.16653741395658,4.982467449539329,1990-10-01
1991,1,53.82181568358524,61.02777734704886,115.1013097011584,52.825106860512875,83.5902869031914,99.32069598641665,66.42583337268606,83.18394910234187,1991-01-01
1991,2,24.862764993103813,91.11904960301767,105.87534822543529,48.59090307854545,98.80107811560963,112.65672584963127,57.417809761121404,87.5844037444427,1991-04-01
1991,3,26.35142950828342,63.493946623937134,124.17677308927098,60.34260746221187,76.97713574439913,84.73239897175884,46.47108098959053,69.33866354166494,1991-07-01
1991,4,81.98601289446523,86.87590578378577,290.7499947421569,73.26013079534546,129.64512160130928,91.57575591348083,65.30640344723948,86.5672291339889,1991-10-01
1992,1,25.647587198470912,66.47183472384809,122.68851213838832,59.61940018176588,141.43458372289612,90.25896303592805,116.00087187660347,94.2683178504588,1992-01-01
1992,2,24.46918454340603,69.85858593137861,348.7349120754047,37.65881203816298,109.48507601293215,89.24133670020862,173.44930366597515,74.36315487515209,1992-04-01
1992,3,49.647620812707885,102.03417679976259,359.97618396648005,74.50605138710303,152.53253133144005,107.78022282045671,137.69669875662936,87.23674583892745,1992-07-01
1992,4,52.85670389276198,89.90017659651795,290.4063186254404,112.37364287609239,117.54779262280832,108.91728003678702,131.0620340893009,132.69824075410142,1992-10-01
1993,1,28.702530782346752,91.82447622712623,138.68684479656935,142.2754808176208,117.38870209520638,116.9090088281667,115.73663298850188,111.7849969506449,1993-01-01
1993,2,53.4586149029284,90.9239238626951,268.65363100833525,170.44009770388647,115.1007037675311,103.92517385380691,210.64280459087894,113.05046833782339,1993-04-01
1993,3,26.572405856361264,97.38467817110778,276.67088463639936,145.6495903933765,154.3826154527868,127.07991795969494,62.898959688799295,103.90580628192903,1993-07-01
1993,4,53.95929158571445,69.92418203602752,243.85483429987354,118.49910557219472,90.22347953486273,99.62190479245544,123.25483475406224,99.75275869256947,1993-10-01
1994,1,54.28281624618554,58.80270906544855,72.36101776220384,84.97772910820507,69.76809375357232,94.08948852736981,53.898566352848995,86.16544368180226,1994-01-01
1994,2,50.61915971838788,69.18307890610919,105.39843224243783,105.28029000351513,102.80512777572997,106.67947150964716,96.90385258425151,94.05629095527804,1994-04-01
1994,3,105.93428828653846,88.47930191715983,102.38955847348305,104.11757790303872,241.27212227220497,110.56258709685405,104.04446801764979,117.4717314195028,1994-07-01
1994,4,24.804378852219813,65.29093526278658,97.5322530992944,107.95513659352108,160.50140781641227,101.50755205936662,131.8122244507905,79.27192432811236,1994-10-01
1995,1,25.26921370311867,75.21253809555176,30.506456268345765,100.4761046708906,173.2651301220179,97.50948611975035,77.80321635734532,80.61720749796571,1995-01-01
1995,2,23.70938569675332,72.00998860244312,29.263741951893586,87.69281972420718,84.31641731461855,99.0337898266106,73.09389976623577,70.9769171925093,1995-04-01
1995,3,26.673058908847487,71.28988871641867,29.59153815803946,103.0548529790506,83.63934976938123,102.58607520600516,97.80595400062118,76.00755396785244,1995-07-01
1995,4,24.56402634396187,75.10306881055271,170.99964890003315,103.10030835910618,77.88362907086119,87.89882855060503,109.35578881877154,79.5667177427415,1995-10-01
1996,1,25.533919406696864,63.0751795411988,27.48601505365807,99.43236652790455,135.46999079995564,103.16924920237757,85.40180728701084,76.00080509537361,1996-01-01
1996,2,23.325428033648002,52.42443785624016,25.295623738185085,88.77689319215332,93.43429936763698,102.26369395620574,76.3959230382202,55.773180363376675,1996-04-01
1996,3,22.473470910433203,56.8802303588447,79.50930276929535,85.14415686692051,131.91887336610063,114.27353991285266,79.33300432643492,81.80305648970936,1996-07-01
1996,4,24.225989284182578,65.24005871066755,72.83834733386381,97.66440184435187,101.83012526708579,109.17053507208789,126.37154537448414,61.44928442533503,1996-10-01
1997,1,22.295580639374364,52.3670317114801,25.765166541568096,83.46903596314557,72.59750228457727,95.68115101925368,114.61973604150167,67.56897767199557,1997-01-01
1997,2,41.91480685676033,66.62209838379603,47.996824528864,77.74544492567273,102.28005566649769,101.54897855090081,93.55062130474036,56.617465633635945,1997-04-01
1997,3,21.209902264866674,42.51625893328585,74.03457753717721,73.28536082812114,105.65275101466662,98.2126586621676,58.259894287063105,45.53399697712636,1997-07-01
1997,4,20.853961160717873,40.11375771802433,68.17919954408842,80.98708585812237,32.679279704877246,78.84186584027869,54.25669636183803,75.71502099605875,1997-10-01
1998,1,54.56909953066118,67.95213157599869,24.272253068279255,100.2565417253391,48.35888204616379,76.01085736978776,55.35352099474288,51.25128100073692,1998-01-01
1998,2,121.07209469370832,63.002583857513194,22.613442455439515,88.52091206977872,66.99261031029626,80.73764619961321,69.10824521484265,50.636913274798715,1998-04-01
1998,3,106.02289915085173,63.865722137419,23.662115530879575,88.79317148808458,61.92845055301588,79.97940888030267,38.88396572598391,49.72977035349731,1998-07-01
1998,4,38.79321850688939,61.52953055916161,45.40869523281076,94.39325141984142,60.98578121447725,80.4179512568574,45.017552578800014,37.69738161078849,1998-10-01
1999,1,78.41037793680374,70.65041863513933,23.19302799557468,95.17266657921844,56.97804740472973,91.17403001867517,27.950821328702375,63.674472156472184,1999-01-01
1999,2,62.426308084536664,153.95582350460631,155.1033747204057,202.1860114840234,99.23205566287643,196.88760486597388,34.13726087983539,130.24958664910562,1999-04-01
1999,3,61.09629612206847,89.5642369374692,132.98172966556027,95.1369115891034,51.14928908664941,102.07904306389885,6.614143672436515,41.590131361941886,1999-07-01
1999,4,43.79385883556819,80.24961818712691,111.37069154901297,86.19048220596028,68.11758611073037,99.74095046789797,88.86302140917874,74.30919404053442,1999-10-01
2000,1,12.235773330904841,83.98704526452104,19.819598705802083,68.48824286772718,56.82276815031712,109.92619932064005,27.743928949009273,78.17232057069369,2000-01-01
2000,2,83.38056870067689,105.156103119341,38.941788802840804,89.36058851938876,59.646230109022866,107.37391525065516,61.00982762746291,54.907988850932156,2000-04-01
2000,3,87.93385842853347,94.87419481507135,57.591126478462876,73.59255152144448,51.04630170244068,83.38344147887595,59.64462220924837,55.09193689596136,2000-07-01
2000,4,46.07847893659665,88.40127616530187,61.206712894151124,104.65081143847172,127.93867678088165,90.01641176303337,92.67555313339393,74.83809447840943,2000-10-01
2001,1,60.46096924959132,101.36467290874872,16.793721286245095,89.31499225767296,68.61097292961887,84.16842417719027,74.1717265293335,82.46374491421699,2001-01-01
2001,2,31.304118531697515,71.62441770767873,18.30864785432019,73.15250197427343,39.21470983460501,74.8314056183727,28.93415824712547,81.14048916589913,2001-04-01
2001,3,145.06858134255287,163.42303903861577,36.429974133618416,108.67567302186696,128.14812819415212,131.03099195397093,64.20964908694266,77.32917840016698,2001-07-01
2001,4,25.93888794328113,177.7833999587185,104.04817175526632,154.49283424549708,117.85256280169658,181.90638147057138,36.73878711335598,122.84944675502076,2001-10-01
2002,1,127.08078597838704,105.24085837783723,54.83400190985886,87.33999284523286,80.15616830558832,111.85753492693493,128.47854758390284,92.78737984077432,2002-01-01
2002,2,180.41902059429196,172.91417304912332,71.90042304861652,101.42124513288586,63.37050574949623,135.50252396104545,39.80923711006131,170.59432611470692,2002-04-01
2002,3,221.63461888742745,115.68159132689505,135.90581969692857,83.77579707927342,80.86300570046053,105.00305969855843,71.4582192989078,73.68308813706162,2002-07-01
2002,4,183.44805471079204,104.99506574367183,143.9482909372331,73.18884669059365,71.99094289202165,99.88734527296145,40.26257075641913,88.68222724461423,2002-10-01
2003,1,246.47097112795015,142.77264828496158,24.161257369043874,106.97309891491554,125.76367859474342,102.76441926395934,102.8047295273316,71.8051821257501,2003-01-01
2003,2,295.71071893551954,132.61286825257594,72.38766810757885,115.95100884889204,61.529768965545095,94.02007460693605,19.561748671182873,72.7955962759278,2003-04-01
2003,3,42.62307723744203,112.62543831516938,182.0638195967747,93.38743523446446,68.12386940891663,95.29757142783478,18.019996726732774,58.25584436902178,2003-07-01
2003,4,97.00036422655793,119.41479178273298,195.84196537036476,72.25693877483185,67.8621988252352,88.2901276097076,60.09051122004057,71.51450008929959,2003-10-01
2004,1,91.03014646282911,86.44487798678632,86.8102099932415,103.11804739710931,90.99108857725226,93.8809869823623,38.54744045219491,103.39175307562283,2004-01-01
2004,2,8.61368507882047,66.62443422549708,124.28670573270398,129.18039377944908,44.1235176128744,83.96829026608162,71.37988990630876,54.73155574061974,2004-04-01
2004,3,91.47028645077813,82.23263197252192,126.38052754996019,102.3558375034175,55.476990665777116,91.82057420250908,63.0087410808705,63.23574739282441,2004-07-01
2004,4,29.000238545189884,87.88359984839778,120.71428353132177,128.72620153482248,53.91502943717502,95.93020458206496,86.81565859233955,113.34407144094303,2004-10-01
2005,1,38.61397591312817,58.4435919378165,20.230874963531175,128.34936540695335,81.04120883440532,92.33630851333396,121.10048647711093,102.79154068036188,2005-01-01
2005,2,124.85829257808308,111.43197881657079,74.99503832635,127.0449653407803,49.65765420009596,91.53852332570709,248.24942287598856,110.79182686653886,2005-04-01
2005,3,31.34540662802158,82.08533225545594,111.59834002140478,147.1246024055482,82.84703277218328,106.06788767351021,159.58891470599264,133.94235785357682,2005-07-01
2005,4,10.53706674992462,50.564912339220555,110.80561305992677,155.55225168633018,52.24085718837201,90.10201444405874,88.94102118858355,220.38890381958694,2005-10-01
2006,1,43.463480817777366,78.5441620045789,74.9007265141184,124.8631220414389,120.75397667450416,97.36802998101773,86.91246267186472,169.0478223718258,2006-01-01
2006,2,148.60608517609958,137.9827408101389,334.8030242485444,142.2388253753785,201.407305692456,169.2204311315369,138.1997814729119,145.08023247772894,2006-04-01
2006,3,154.21093795844317,155.23068147028647,167.05603732351946,159.85327804477515,73.20277678933904,119.97615954916063,212.48858593753295,187.64207029293593,2006-07-01
2006,4,218.06516289865505,146.14887121631745,160.94578811472164,114.41860538213666,83.50699140625711,116.3717397174018,139.32828669639576,181.9030752875488,2006-10-01
2007,1,169.46747829776706,140.68616955000533,36.57640993853247,85.90758813596345,108.3662038406293,104.07368451220135,281.88211866014643,177.74986752720937,2007-01-01
2007,2,204.7978683258989,158.95829614540384,109.77825985572949,120.52194056702672,133.91648868045715,129.77679401157783,269.30237746617837,213.46752865963103,2007-04-01
2007,3,112.73988317969399,138.83283576018655,113.06200900005643,109.3742543409735,63.25703485408528,114.60991379018117,156.00281009060143,155.45642936309218,2007-07-01
2007,4,245.91827182184622,164.31829483286413,109.54575657434961,110.40875803735042,86.1372389502438,112.05517298058507,156.25869222853024,183.18990035904216,2007-10-01
2008,1,182.39007879569454,141.20394413104768,21.385189150639565,162.80712296665797,199.6817812028379,102.64250295495494,151.93894103454642,147.3584835235543,2008-01-01
2008,2,297.4638587125074,157.01429240965047,17.047165248204458,114.13400298466006,75.67771707771419,87.39261977598832,98.49413489465198,148.71086553871072,2008-04-01
2008,3,193.676295995516,107.18900755052697,53.77777072499127,92.91674057002804,90.70512283396884,88.16533237361453,202.45370584603197,145.64452371091411,2008-07-01
2008,4,175.9415686202609,112.53173256028464,54.547900878579625,81.9755721674795,145.67327175408874,74.61435050877118,231.06388930650374,128.5177838563253,2008-10-01
2009,1,110.7869793629937,128.67867398348562,19.264780487502755,108.69799878274004,152.08606252152418,77.2430427786776,128.30399465139476,145.2893473080221,2009-01-01
2009,2,215.19588443946222,152.29719617128686,19.355845391721626,107.64418212129674,84.79134459164624,79.06569383058313,95.53108014016105,144.23711248072163,2009-04-01
2009,3,226.3399570265058,152.9248515097312,19.93053829456661,74.79025712345113,63.90827405985831,72.25066294720052,249.46832347930757,122.96791278081099,2009-07-01
2009,4,190.65582541670508,159.48239088990306,19.867681186893304,92.79070683715926,67.13637741710178,62.900914385721826,160.1104471069926,159.5496798841372,2009-10-01
2010,1,222.91659503138104,176.03060808626773,62.22992541973724,85.68023601349903,126.67241022094674,65.26736111565228,92.54090062147279,120.81878570434468,2010-01-01
2010,2,466.7825131471285,212.2731472917668,63.21465214386276,105.23965693134087,172.88974389298932,110.27478839153734,129.02805782662833,116.8874116943094,2010-04-01
2010,3,332.37617491739024,186.88520297702013,82.85780382180266,140.92406594121718,211.3054142998168,103.05804230331181,150.1824214850141,135.25099458004175,2010-07-01
2010,4,445.2291406783936,193.95085340472477,122.58138733048402,130.1656772501986,299.5802501725391,74.35299595024472,63.1945048282989,133.01820138086518,2010-10-01
2011,1,322.78286629021915,192.67223463624535,18.80040905701887,150.74223341412394,136.17284098751773,76.45808812164873,192.9975113692618,173.1236870283189,2011-01-01
2011,2,239.98576410184575,196.41483240972036,63.805673433871604,199.81518227390956,70.75558913770026,72.25632143215431,248.78968277343358,201.35078060360868,2011-04-01
2011,3,107.88413740597362,191.1379078256996,58.776015683522154,157.08927482103442,102.45110996354754,76.14100672337035,235.08578573465013,167.33030469634835,2011-07-01
2011,4,343.53143447508205,161.52934833437084,174.05862242800043,140.97042019599266,114.40102048079252,70.88648412397109,50.5388413945149,122.53815539690787,2011-10-01
2012,1,252.4189563425043,149.92172329779996,50.09864305814082,107.29830535023832,123.2273906619491,61.963945997905256,141.97573178637944,129.37336866367176,2012-01-01
2012,2,196.22588023789592,187.20655960537738,136.02338935305588,146.42845691550878,123.64861720276932,80.43313000534846,401.7228989160387,133.795425696925,2012-04-01
2012,3,165.88812406168137,192.65664233095552,102.64622751498752,174.11824858112166,128.5935861312691,71.10793606207649,135.04885910737474,171.81811899674443,2012-07-01
2012,4,265.1903421517349,155.2877415274036,104.14741227516855,130.2726437135484,171.01495978838005,72.63115556631664,154.81969018742242,105.60167919052515,2012-10-01
2013,1,515.8172901528951,182.53692926612416,53.67203616758549,142.48200908176437,236.15113700713545,84.9791589770154,206.8852157809589,111.0337976254889,2013-01-01
2013,2,367.7588203749192,220.3658433330443,101.79562691407607,159.39265783005774,164.96857456025825,97.44000162063725,157.24739922199825,120.80446563692018,2013-04-01
2013,3,305.2754719047284,207.93571009424778,96.66879620583224,193.12087822010136,198.29789990252132,87.4218150991522,126.04063862667334,136.8493921628249,2013-07-01
2013,4,453.20486176934673,218.00321207405804,180.90981029744276,229.99076105196056,128.68778728361258,72.35543761999045,189.80835261877348,144.49470750245302,2013-10-01
2014,1,434.69691660992254,230.80076003989447,84.22768883304968,187.36708199329692,232.36225686156678,78.19776608097283,118.34250438342933,142.41753375692088,2014-01-01
2014,2,368.89604637698807,221.5141207919716,51.9031890899171,212.5178347910821,76.63853615725567,81.77550348707916,203.10457224384493,135.28958781130692,2014-04-01
2014,3,587.7142624490414,256.43359916141367,51.641354820204434,319.72456751882015,105.78603110063491,128.40979556847236,174.79947895167084,149.03723225207145,2014-07-01
2014,4,329.380187703635,296.41224182380046,51.94159525520562,293.07094682373867,153.4569264041266,103.99046207232871,134.36631315749025,124.58745358307416,2014-10-01
2015,1,502.5399297290952,284.91137422610495,85.91542368062758,306.16550974584976,146.6807551052691,97.86305938104087,119.70561176376202,201.73428111004782,2015-01-01
2015,2,693.5242678434344,278.23088906072184,67.63256475885142,304.00539609562566,144.827456298541,83.74267272140847,270.8977706976131,191.67500678311183,2015-04-01
2015,3,300.465880224829,338.82196562814306,207.74442072264887,777.7009732338723,88.93229111170086,132.38065732809395,383.6203330013178,209.0721164381131,2015-07-01
2015,4,599.3470536156997,428.24498032250773,527.0359222386548,1190.1240671707305,156.31793399328774,192.2720972072283,442.4104459535322,318.2686057356663,2015-10-01
2016,1,1359.5233489882878,518.9456433964269,532.797055236983,1277.67640337188,199.54185393397287,211.42002795328995,318.1952053588866,170.33264269927326,2016-01-01
2016,2,2684.87644136659,501.74614619476483,644.0853498858212,742.993072251399,438.2684940120337,61.088917453476135,491.1936511654143,265.8833323343646,2016-04-01
2016,3,1994.6571405182654,465.13957981360613,542.0117102949275,796.5591662685814,300.54229188729175,220.74731112363284,517.1239108914025,302.20658469116785,2016-07-01
2016,4,2822.162559083624,545.2396721200071,587.7199845874711,665.9404687960711,660.7504738375319,178.81902687262865,585.1450230208678,349.5619700831435,2016-10-01
2017,1,2093.6553458005246,518.2085968097219,706.1362473075379,650.0144592898417,561.3966705287953,232.50348478645165,393.0412645583247,343.3424192720125,2017-01-01
2017,2,1747.4402581591087,430.1392804598535,390.5236373148873,589.4418317526382,427.6380437570234,206.44643462412654,119.95683025644568,250.8992151950779,2017-04-01
2017,3,1164.0610605579425,428.72140966342204,354.01116074513345,612.1123489397459,865.205363319146,356.8282663504202,317.35648769572316,224.54709307904338,2017-07-01
2017,4,695.9893926728457,277.1497933456885,253.46512489128506,472.60455778736724,249.49805790578762,110.91873269963834,212.71451744836497,122.25896160470712,2017-10-01
2018,1,1238.0671966313241,340.2631327833655,282.0978802684405,486.9830427088249,405.6602628549596,145.8891602790627,342.9565777031782,121.8379373660684,2018-01-01
2018,2,1049.7994476612953,359.61465656379994,246.856313044082,668.5139741086056,243.8511643700955,168.50044788936603,232.9472424541879,128.78946512205397,2018-04-01
2018,3,750.2063205885681,387.7851787339256,301.3600068164644,720.8261548501941,232.939668565757,175.36216770094313,197.78349348510852,146.67629426278418,2018-07-01
2018,4,1511.3466375828334,393.90332869659403,249.15636235748,522.5577885456847,337.8851493192432,179.04816989867805,276.5332831020627,120.09907952751058,2018-10-01
2019,1,888.3279759358251,337.20564403850244,262.4331557946016,555.9513749591845,367.493798611055,170.63772537684315,151.21542226771524,139.40451828260473,2019-01-01
2019,2,1206.8749245557874,328.8378402600797,394.9772443926604,470.8822694012723,440.9275093985544,150.1772221890097,345.02673813197,223.69641417814367,2019-04-01
2019,3,904.7723136166617,277.57257125146793,413.8099559152131,470.9223894122835,218.3842868320622,186.3893337941613,317.6994698500955,151.6625551974566,2019-07-01
2019,4,962.8954782486267,303.88551832982677,399.32343853250325,432.11548530089664,172.59222691460985,116.344897616381,250.69925270700156,161.6490177773495,2019-10-01
2020,1,933.9078562779608,333.6651454453454,573.3158213248687,531.5606679044249,286.8659759549844,124.33165793084152,,,2020-01-01
2020,2,578.4243346232926,291.5247235010693,256.08729178592586,462.05358807536214,597.0317337511873,100.39521288229322,,,2020-04-01
2020,3,580.4691890215754,272.10031663195764,207.47130363337547,416.00505195539137,577.690933011489,128.52627857072113,,,2020-07-01
2020,4,507.5630628727641,298.91096562259486,348.48758235052856,402.454441928331,595.5127349957581,110.67326564098707,,,2020-10-01
2021,1,523.6698021218033,301.6284215628221,171.0691044844767,343.80728335835164,423.71007209638566,124.29980027696854,,,2021-01-01
2021,2,639.7184847725758,269.27276611551486,301.6722250806924,360.88827854549027,288.60308920187595,123.10829717883766,,,2021-04-01
2021,3,919.9889033549496,347.0554160790658,617.3443154949292,512.4880830701147,345.047801768932,133.67502286756184,,,2021-07-01
2021,4,907.811234750384,341.84775006824924,436.7711032126624,422.2441497740981,369.7908204601935,108.25186827768603,,,2021-10-01
2022,1,732.7894894621281,362.1696203571669,552.0096995345397,518.9248767024488,316.85855095848854,140.44926347342874,,,2022-01-01
2022,2,735.4547675264446,327.6120217538338,389.24254038651907,454.62122977878136,286.8713328896231,143.27942051154508,,,2022-04-01
2022,3,780.5865362165779,258.01054265143273,737.95523183036,351.13194266772734,206.39632266157028,119.6612583619834,,,2022-07-01
2022,4,883.3891344858503,351.2713636644091,367.6111855117235,477.35886402222263,231.99469549532245,130.97271852940878,,,2022-10-01
2023,1,744.0457150871323,265.4169820926886,372.691780019473,433.60102102433746,273.41473988156895,123.55312041819649,,,2023-01-01
2023,2,880.2883251738564,309.551664481877,330.7016204919205,495.49640022069417,257.15080811616997,129.2925082915731,,,2023-04-01
2023,3,705.8765209701141,353.164460836066,684.7242948227012,568.0034192455681,173.67688095838284,114.83737993461706,,,2023-07-01
2023,4,876.837227183173,439.2955318903855,480.9245578579022,748.3997796516658,240.26625082937417,139.04754227012697,,,2023-10-01
2024,1,1139.2225531078504,396.94338186900586,654.261349813985,551.7337935283554,372.14288430378,182.77652451562602,,,2024-01-01
2024,2,1055.6600653379232,434.2238701828803,788.0023130596907,572.3086968672662,309.63187090581255,172.69620800491865,,,2024-04-01
2024,3,807.8989967518337,571.9347446031096,822.8731677333788,736.1205570512964,423.407243923824,212.4909480780743,,,2024-07-01
2024,4,3041.7048519510427,448.82477283677497,942.698041862337,626.7628775832785,1075.1362894014737,236.1767172998771,,,2024-10-01
2025,1,2964.921074499257,469.9181049329086,1352.8073766455595,787.357951669675,2067.930465023454,300.79070470732586,,,2025-01-01
2025,2,2115.8647811062865,435.8146972763258,615.8934475384194,534.1459225842268,1866.366559443532,359.0361172584052,,,2025-04-01
2025,3,2439.0121732677185,532.4073845938261,649.1474045596415,521.740076063168,1370.6248817518067,338.8804436588524,,,2025-07-01
2025,4,1889.6760452117644,422.03358400308304,602.928015478195,395.2279976963894,1347.3722640374076,312.84563072120915,,,2025-10-01
